k,features,sil score,CH score
2,AU01_r,0.783520502165,2642833.6432
3,AU01_r,0.74292853382,3592953.37291
4,AU01_r,0.731161507236,4372126.0537
5,AU01_r,0.72645102392,5318006.16856
6,AU01_r,0.722847500743,6247647.81319
7,AU01_r,0.722279347455,7249366.92396
8,AU01_r,0.719876672625,8310611.18566
9,AU01_r,0.717101199131,9364223.69807
10,AU01_r,0.716261090638,10389568.2299
11,AU01_r,0.715766448906,11357980.45
12,AU01_r,0.71458364446,12320452.1681
13,AU01_r,0.713819774727,13207286.0182
14,AU01_r,0.714007697192,14156188.7329
15,AU01_r,0.713544248928,15214360.351
2,AU02_r,0.877211730445,2583195.43117
3,AU02_r,0.858953244172,3432313.56588
4,AU02_r,0.848462820752,4232577.45493
5,AU02_r,0.844323225251,5054603.57454
6,AU02_r,0.840601819631,5910938.61702
7,AU02_r,0.838543550136,6788766.90087
8,AU02_r,0.837461331314,7679644.55541
9,AU02_r,0.835874445057,8488830.62384
10,AU02_r,0.835850716343,9277437.44248
11,AU02_r,0.834771946721,10157384.258
12,AU02_r,0.834939394972,11071144.1884
13,AU02_r,0.836501751499,12074374.4546
14,AU02_r,0.835386753837,13116714.6941
15,AU02_r,0.83650795358,14074911.1071
2,AU05_r,0.905558219135,3167933.46698
3,AU05_r,0.88785272764,4193674.71315
4,AU05_r,0.877822889562,5199524.44452
5,AU05_r,0.871233191352,6234873.93201
6,AU05_r,0.867997269802,7288884.486
7,AU05_r,0.865375480035,8315246.57629
8,AU05_r,0.866342083999,9395722.11385
9,AU05_r,0.864711355487,10381255.0516
10,AU05_r,0.864193836749,11465469.1185
11,AU05_r,0.863852704172,12449541.1831
12,AU05_r,0.864528643376,13470039.7117
13,AU05_r,0.865066928722,14489834.7688
14,AU05_r,0.86329131406,15486500.4363
15,AU05_r,0.86519553041,16678526.1074
2,AU06_r,0.650386316457,3078034.6805
3,AU06_r,0.636588754578,3966457.18245
4,AU06_r,0.641999504208,5155935.68605
5,AU06_r,0.638766575154,6143938.33221
6,AU06_r,0.639484235728,7196917.58678
7,AU06_r,0.637622106138,8253017.65188
8,AU06_r,0.638199084141,9333314.09945
9,AU06_r,0.639570630361,10402962.0282
10,AU06_r,0.637548886215,11429593.3697
11,AU06_r,0.639270243598,12512740.3731
12,AU06_r,0.636708830663,13508004.7946
13,AU06_r,0.636013387035,14563348.7881
14,AU06_r,0.638101962622,15687172.1717
15,AU06_r,0.635953430729,16719758.3563
2,AU07_r,0.660122303702,3440816.95079
3,AU07_r,0.646884334952,4599386.77134
4,AU07_r,0.641888462711,5686864.9636
5,AU07_r,0.6389453412,6753368.93949
6,AU07_r,0.638361517833,7851886.20496
7,AU07_r,0.635880064572,8980650.24144
8,AU07_r,0.635055373727,10083679.1207
9,AU07_r,0.634061394404,11149186.1698
10,AU07_r,0.634281924464,12246949.1017
11,AU07_r,0.633144355376,13260301.9281
12,AU07_r,0.632308782106,14389563.9823
13,AU07_r,0.632690366548,15447917.5251
14,AU07_r,0.630919142454,16507660.31
15,AU07_r,0.633204597916,17675020.2059
2,AU09_r,0.801648674561,2499249.74197
3,AU09_r,0.769500833999,3490925.19309
4,AU09_r,0.762886920694,4455371.48066
5,AU09_r,0.75655384146,5276947.42113
6,AU09_r,0.751569238063,6081906.85524
7,AU09_r,0.749711370399,7018279.95476
8,AU09_r,0.747835782429,7975164.27437
9,AU09_r,0.746204426239,8848796.52003
10,AU09_r,0.744111624565,9729627.16691
11,AU09_r,0.745052639428,10637300.598
12,AU09_r,0.743195885278,11616823.8537
13,AU09_r,0.744770719257,12600190.9052
14,AU09_r,0.744517675011,13638302.9219
15,AU09_r,0.744180528605,14545716.4328
2,AU10_r,0.614008862046,2975578.54555
3,AU10_r,0.613266940809,4013899.47198
4,AU10_r,0.610736080518,4958363.14376
5,AU10_r,0.614119364525,6031243.22801
6,AU10_r,0.611729519203,7039599.61953
7,AU10_r,0.613401193024,8126384.33412
8,AU10_r,0.612385550687,9178139.88807
9,AU10_r,0.612244988452,10190177.1921
10,AU10_r,0.610586443461,11245610.5326
11,AU10_r,0.610711425785,12288543.3895
12,AU10_r,0.61141742018,13362743.16
13,AU10_r,0.611745833294,14346109.4606
14,AU10_r,0.611063950199,15410108.2606
15,AU10_r,0.609810814622,16389606.7453
2,AU12_r,0.638874109551,2586589.5556
3,AU12_r,0.61216740596,3771052.32229
4,AU12_r,0.607595205897,4885998.89095
5,AU12_r,0.605210795592,5943000.06899
6,AU12_r,0.609143412168,7023559.94887
7,AU12_r,0.604844136959,8000110.13386
8,AU12_r,0.606070619561,9040942.64132
9,AU12_r,0.604358508522,10035930.5898
10,AU12_r,0.604356746033,11001918.7032
11,AU12_r,0.604564637498,11993806.0293
12,AU12_r,0.603122710485,12990637.4851
13,AU12_r,0.603264516798,13993144.652
14,AU12_r,0.605132279893,15087453.7765
15,AU12_r,0.603603337915,16100256.8994
2,AU14_r,0.619416122076,2955104.40719
3,AU14_r,0.617785035817,3967446.13034
4,AU14_r,0.615051107412,4898807.47404
5,AU14_r,0.615165854385,5865762.06967
6,AU14_r,0.613105285234,6786277.56347
7,AU14_r,0.612855829962,7693971.25034
8,AU14_r,0.611523502681,8627819.20776
9,AU14_r,0.612017950455,9596906.51513
10,AU14_r,0.61122613511,10507631.0896
11,AU14_r,0.611483129862,11446778.3766
12,AU14_r,0.611403174534,12401210.001
13,AU14_r,0.609125700648,13371482.8993
14,AU14_r,0.608941409349,14379667.6892
15,AU14_r,0.610360410365,15345147.2912
2,AU15_r,0.811675569598,2041124.05059
3,AU15_r,0.783492885453,2725616.89481
4,AU15_r,0.771923658925,3410565.29119
5,AU15_r,0.764819222401,4135565.63154
6,AU15_r,0.760532215652,4965548.79968
7,AU15_r,0.755952439778,5724287.11197
8,AU15_r,0.754529354448,6464355.61407
9,AU15_r,0.751915131204,7311783.60912
10,AU15_r,0.752591338527,8196029.07464
11,AU15_r,0.750517007673,9076406.73129
12,AU15_r,0.751012616184,9915220.12251
13,AU15_r,0.751682470563,10785829.2818
14,AU15_r,0.749320571463,11636419.1338
15,AU15_r,0.750888665981,12421315.46
2,AU17_r,0.641750023535,2538680.51087
3,AU17_r,0.613697617158,3251390.70043
4,AU17_r,0.603794808312,3977760.89477
5,AU17_r,0.601291776413,4731111.00804
6,AU17_r,0.594491611784,5441741.60327
7,AU17_r,0.593736547441,6180403.97366
8,AU17_r,0.593393206841,6898640.89574
9,AU17_r,0.59021417829,7669023.15871
10,AU17_r,0.591793798791,8425803.44218
11,AU17_r,0.590098856957,9149320.50558
12,AU17_r,0.588246264441,9914635.72711
13,AU17_r,0.588010436622,10698104.5397
14,AU17_r,0.587124488194,11462234.9811
15,AU17_r,0.587721236039,12253725.6683
2,AU20_r,0.805426946778,2792793.91185
3,AU20_r,0.790116263711,3473025.44747
4,AU20_r,0.780633655638,4130419.1465
5,AU20_r,0.777153536605,4852149.58732
6,AU20_r,0.771552975094,5548292.28668
7,AU20_r,0.770537237448,6328012.77297
8,AU20_r,0.768964823603,7071700.84729
9,AU20_r,0.769563369349,7833580.71806
10,AU20_r,0.769160624181,8634491.45681
11,AU20_r,0.768470683286,9425766.05383
12,AU20_r,0.769109128711,10296271.5395
13,AU20_r,0.770218940917,11165743.5855
14,AU20_r,0.769399341495,12021809.6986
15,AU20_r,0.769706420738,12949398.4117
2,AU23_r,0.777177406604,2695877.01131
3,AU23_r,0.758729287159,3468115.58236
4,AU23_r,0.75176202242,4316997.03065
5,AU23_r,0.750721744886,5204726.78531
6,AU23_r,0.747999933873,6122320.46062
7,AU23_r,0.747197646642,7015134.45816
8,AU23_r,0.744322340936,7893083.3913
9,AU23_r,0.743906294817,8698938.21293
10,AU23_r,0.74367027469,9602188.23439
11,AU23_r,0.744526533001,10477053.9225
12,AU23_r,0.743228088934,11343864.0884
13,AU23_r,0.743502015546,12219577.8398
14,AU23_r,0.743176556657,13087413.3436
15,AU23_r,0.742549515659,14050344.7249
2,AU25_r,0.666322406644,3273904.49941
3,AU25_r,0.642605358118,4229654.71913
4,AU25_r,0.630765127374,5226676.73939
5,AU25_r,0.624209461862,6251537.01187
6,AU25_r,0.621480582178,7266745.39063
7,AU25_r,0.616993874213,8275881.03178
8,AU25_r,0.616268432998,9281201.69985
9,AU25_r,0.614686147039,10275404.8162
10,AU25_r,0.613412343323,11279444.4537
11,AU25_r,0.612088312417,12310227.3834
12,AU25_r,0.611549524231,13345345.8103
13,AU25_r,0.612346393728,14396321.7481
14,AU25_r,0.611612810598,15435927.4448
15,AU25_r,0.610119809441,16460186.1593
2,AU26_r,0.666390597995,2756776.58002
3,AU26_r,0.645067223226,3444472.92542
4,AU26_r,0.637278506638,4153398.60727
5,AU26_r,0.632229109818,4846227.95881
6,AU26_r,0.629635822196,5573876.40549
7,AU26_r,0.626413522445,6304453.95799
8,AU26_r,0.626710306673,7082682.31969
9,AU26_r,0.624316032222,7880261.67615
10,AU26_r,0.623732444427,8663829.35147
11,AU26_r,0.623570664411,9443634.12856
12,AU26_r,0.622151885766,10202999.9952
13,AU26_r,0.621805315672,10998740.2618
14,AU26_r,0.621082528508,11768207.127
15,AU26_r,0.622145574242,12569808.4519
2,AU45_r,0.750376528952,2831895.50386
3,AU45_r,0.719411165276,3597025.73948
4,AU45_r,0.713477603159,4409877.33856
5,AU45_r,0.709718334089,5285528.82853
6,AU45_r,0.709205233346,6194493.45685
7,AU45_r,0.709689022243,7183094.38351
8,AU45_r,0.708178684441,8088628.50151
9,AU45_r,0.70806497033,8966576.14125
10,AU45_r,0.707189184953,9720771.32822
11,AU45_r,0.705700962292,10547083.3075
12,AU45_r,0.706839152691,11323016.7595
13,AU45_r,0.704408427528,12339018.7005
14,AU45_r,0.704948494307,13213079.131
15,AU45_r,0.706509902391,14126634.3545
2,AU01_r_AU02_r,0.768803577935,1906149.36451
3,AU01_r_AU02_r,0.696133109735,2038601.77899
4,AU01_r_AU02_r,0.669337276933,2021966.60061
5,AU01_r_AU02_r,0.643911243468,1926959.99297
6,AU01_r_AU02_r,0.650846380981,1895050.01317
7,AU01_r_AU02_r,0.639910169708,1885781.9408
8,AU01_r_AU02_r,0.650323070646,1885625.46839
9,AU01_r_AU02_r,0.63304401009,1876887.22813
10,AU01_r_AU02_r,0.646077106935,1859942.97272
11,AU01_r_AU02_r,0.634199050896,1850966.44032
12,AU01_r_AU02_r,0.629650102861,1834839.93523
13,AU01_r_AU02_r,0.631643852239,1818420.52153
14,AU01_r_AU02_r,0.62937079759,1820891.47693
15,AU01_r_AU02_r,0.625378118736,1822371.67952
2,AU01_r_AU05_r,0.731768186462,1518880.58886
3,AU01_r_AU05_r,0.648410293086,1380900.28484
4,AU01_r_AU05_r,0.676158212931,1575732.80927
5,AU01_r_AU05_r,0.6482447021,1626339.9073
6,AU01_r_AU05_r,0.65889239229,1616599.58971
7,AU01_r_AU05_r,0.641125432583,1692334.65562
8,AU01_r_AU05_r,0.6470099638,1693656.44601
9,AU01_r_AU05_r,0.634232735448,1731046.52872
10,AU01_r_AU05_r,0.639551604068,1747891.09942
11,AU01_r_AU05_r,0.626278908936,1773831.48395
12,AU01_r_AU05_r,0.63185936821,1817927.01303
13,AU01_r_AU05_r,0.621636985897,1830966.48712
14,AU01_r_AU05_r,0.626219409783,1838370.23896
15,AU01_r_AU05_r,0.630095911026,1858364.9645
2,AU01_r_AU06_r,0.474192313554,934770.682724
3,AU01_r_AU06_r,0.528975338918,1298523.11291
4,AU01_r_AU06_r,0.476056469536,1319513.56709
5,AU01_r_AU06_r,0.485672990687,1377807.19094
6,AU01_r_AU06_r,0.462336629051,1390859.30156
7,AU01_r_AU06_r,0.47843301857,1427295.54452
8,AU01_r_AU06_r,0.477122201906,1461764.70376
9,AU01_r_AU06_r,0.461605999064,1472570.57591
10,AU01_r_AU06_r,0.469357172134,1492551.97014
11,AU01_r_AU06_r,0.46613457414,1512321.3126
12,AU01_r_AU06_r,0.459801209794,1531874.39669
13,AU01_r_AU06_r,0.467981674167,1549375.99262
14,AU01_r_AU06_r,0.470392205214,1561599.22221
15,AU01_r_AU06_r,0.465933433357,1572854.70852
2,AU01_r_AU07_r,0.51020202761,1246418.70434
3,AU01_r_AU07_r,0.543503480822,1359325.38907
4,AU01_r_AU07_r,0.494191235254,1465143.5482
5,AU01_r_AU07_r,0.492398410815,1445465.95298
6,AU01_r_AU07_r,0.47243287304,1458642.13253
7,AU01_r_AU07_r,0.486590304757,1485713.82325
8,AU01_r_AU07_r,0.482744895359,1480133.89229
9,AU01_r_AU07_r,0.468614631423,1507048.3427
10,AU01_r_AU07_r,0.478658709246,1536454.60022
11,AU01_r_AU07_r,0.463028550869,1533204.54994
12,AU01_r_AU07_r,0.463757849309,1543590.71426
13,AU01_r_AU07_r,0.47100244535,1572501.66994
14,AU01_r_AU07_r,0.474874690285,1575326.38537
15,AU01_r_AU07_r,0.46564562886,1591153.62082
2,AU01_r_AU09_r,0.689890637452,1449815.20231
3,AU01_r_AU09_r,0.571308118811,1299771.9872
4,AU01_r_AU09_r,0.608307399954,1605511.4646
5,AU01_r_AU09_r,0.573869898997,1651055.96438
6,AU01_r_AU09_r,0.564469641473,1730884.18054
7,AU01_r_AU09_r,0.559657089088,1823231.65207
8,AU01_r_AU09_r,0.545441682102,1812885.61575
9,AU01_r_AU09_r,0.54393117846,1852946.53892
10,AU01_r_AU09_r,0.550053361278,1928085.77628
11,AU01_r_AU09_r,0.544487723471,1973914.00488
12,AU01_r_AU09_r,0.553679294517,2005196.95594
13,AU01_r_AU09_r,0.542199968034,2035192.57976
14,AU01_r_AU09_r,0.542473725575,2094660.37976
15,AU01_r_AU09_r,0.534099481124,2106769.32193
2,AU01_r_AU10_r,0.458906135635,1002231.10323
3,AU01_r_AU10_r,0.504603338039,1243796.9933
4,AU01_r_AU10_r,0.459972773629,1320143.98621
5,AU01_r_AU10_r,0.469170597946,1305193.50857
6,AU01_r_AU10_r,0.442716241717,1304100.60665
7,AU01_r_AU10_r,0.459682097739,1353320.49438
8,AU01_r_AU10_r,0.459816456942,1341493.46137
9,AU01_r_AU10_r,0.446326638982,1365515.51593
10,AU01_r_AU10_r,0.455954744476,1392243.41238
11,AU01_r_AU10_r,0.461013432976,1383904.13412
12,AU01_r_AU10_r,0.448871923667,1398146.30532
13,AU01_r_AU10_r,0.450595007369,1421687.26645
14,AU01_r_AU10_r,0.45292117647,1432846.69174
15,AU01_r_AU10_r,0.459388161922,1439433.76849
2,AU01_r_AU12_r,0.497634392157,1015742.34662
3,AU01_r_AU12_r,0.532487354948,1208749.22544
4,AU01_r_AU12_r,0.47448850331,1412183.19925
5,AU01_r_AU12_r,0.477330981567,1404662.96392
6,AU01_r_AU12_r,0.456052662657,1479477.93389
7,AU01_r_AU12_r,0.466978255265,1475447.15465
8,AU01_r_AU12_r,0.443029885747,1480668.71387
9,AU01_r_AU12_r,0.449425843644,1519798.62619
10,AU01_r_AU12_r,0.458144222474,1524066.6933
11,AU01_r_AU12_r,0.445264090097,1542498.11611
12,AU01_r_AU12_r,0.448275415487,1552169.55833
13,AU01_r_AU12_r,0.452777184452,1558406.89607
14,AU01_r_AU12_r,0.442327645588,1566736.50827
15,AU01_r_AU12_r,0.447962874678,1586301.92976
2,AU01_r_AU14_r,0.474577106773,1139637.24744
3,AU01_r_AU14_r,0.509800529919,1199909.0244
4,AU01_r_AU14_r,0.472131490819,1326449.93936
5,AU01_r_AU14_r,0.468855788089,1269426.99909
6,AU01_r_AU14_r,0.449754220246,1296634.49636
7,AU01_r_AU14_r,0.464055297423,1344581.26157
8,AU01_r_AU14_r,0.44333433064,1338672.72941
9,AU01_r_AU14_r,0.456664434975,1349832.55028
10,AU01_r_AU14_r,0.458989755629,1392001.19239
11,AU01_r_AU14_r,0.444567727212,1395035.42503
12,AU01_r_AU14_r,0.451354868173,1395108.50425
13,AU01_r_AU14_r,0.448202854884,1397376.59901
14,AU01_r_AU14_r,0.453430188206,1407249.21592
15,AU01_r_AU14_r,0.44500149572,1422596.96088
2,AU01_r_AU15_r,0.682977253351,1193654.33049
3,AU01_r_AU15_r,0.643000349445,1116420.20385
4,AU01_r_AU15_r,0.611336438008,1304887.56934
5,AU01_r_AU15_r,0.590463942826,1309364.74767
6,AU01_r_AU15_r,0.585670003353,1398019.10931
7,AU01_r_AU15_r,0.564347604013,1390310.47247
8,AU01_r_AU15_r,0.570061621594,1428761.04973
9,AU01_r_AU15_r,0.575961720444,1448803.73736
10,AU01_r_AU15_r,0.56332783472,1469937.10027
11,AU01_r_AU15_r,0.559987851042,1490476.67128
12,AU01_r_AU15_r,0.569050720032,1529251.51407
13,AU01_r_AU15_r,0.560570628314,1557602.40943
14,AU01_r_AU15_r,0.551577753777,1560517.86303
15,AU01_r_AU15_r,0.558459256584,1580624.46632
2,AU01_r_AU17_r,0.468180662641,730055.135945
3,AU01_r_AU17_r,0.519118479354,1104661.06533
4,AU01_r_AU17_r,0.448247870187,1097959.74
5,AU01_r_AU17_r,0.471673676911,1156457.59062
6,AU01_r_AU17_r,0.437282236407,1135031.43262
7,AU01_r_AU17_r,0.449228128454,1152885.425
8,AU01_r_AU17_r,0.453447013639,1160285.62406
9,AU01_r_AU17_r,0.461382323784,1168474.2916
10,AU01_r_AU17_r,0.448844359574,1206182.9175
11,AU01_r_AU17_r,0.448183485042,1202394.95055
12,AU01_r_AU17_r,0.431346084925,1201578.16355
13,AU01_r_AU17_r,0.441304732255,1216480.14447
14,AU01_r_AU17_r,0.445441098029,1220169.41805
15,AU01_r_AU17_r,0.446435516367,1221605.04917
2,AU01_r_AU20_r,0.707387283502,1662499.31182
3,AU01_r_AU20_r,0.601188232506,1585139.89644
4,AU01_r_AU20_r,0.610144972411,1692529.69004
5,AU01_r_AU20_r,0.597968061703,1797747.19209
6,AU01_r_AU20_r,0.573269354769,1790771.66496
7,AU01_r_AU20_r,0.581192027575,1839171.97193
8,AU01_r_AU20_r,0.5711700181,1849301.72843
9,AU01_r_AU20_r,0.581413771864,1865431.1364
10,AU01_r_AU20_r,0.562756497129,1870902.88384
11,AU01_r_AU20_r,0.567611635223,1904543.18657
12,AU01_r_AU20_r,0.572433113801,1937000.05148
13,AU01_r_AU20_r,0.563002588161,1966766.49907
14,AU01_r_AU20_r,0.553375229449,1962320.29147
15,AU01_r_AU20_r,0.563794809042,1996587.96699
2,AU01_r_AU23_r,0.638539275163,987267.096519
3,AU01_r_AU23_r,0.600143821547,1192072.02043
4,AU01_r_AU23_r,0.577968460344,1321592.15797
5,AU01_r_AU23_r,0.559457932583,1347178.24912
6,AU01_r_AU23_r,0.555994025304,1395531.55024
7,AU01_r_AU23_r,0.540778558941,1376685.72224
8,AU01_r_AU23_r,0.53926368348,1404267.87125
9,AU01_r_AU23_r,0.550951090656,1436760.04792
10,AU01_r_AU23_r,0.552298653144,1455363.79658
11,AU01_r_AU23_r,0.543442131784,1483697.16216
12,AU01_r_AU23_r,0.543655246069,1534751.73548
13,AU01_r_AU23_r,0.548235231866,1539836.90935
14,AU01_r_AU23_r,0.540370369496,1572035.17003
15,AU01_r_AU23_r,0.539901634714,1604279.32055
2,AU01_r_AU25_r,0.528744525626,1234546.05225
3,AU01_r_AU25_r,0.55690075574,1317563.28431
4,AU01_r_AU25_r,0.500599761502,1416253.51363
5,AU01_r_AU25_r,0.495285094162,1379910.91321
6,AU01_r_AU25_r,0.474444034935,1408778.441
7,AU01_r_AU25_r,0.487563431719,1432560.76711
8,AU01_r_AU25_r,0.457421708879,1421915.74953
9,AU01_r_AU25_r,0.463798241809,1446517.65561
10,AU01_r_AU25_r,0.476171285947,1479251.47223
11,AU01_r_AU25_r,0.478785951239,1457838.41411
12,AU01_r_AU25_r,0.462763292912,1482821.59581
13,AU01_r_AU25_r,0.462891713529,1498610.85526
14,AU01_r_AU25_r,0.468823020203,1504690.50247
15,AU01_r_AU25_r,0.458494673495,1524010.14957
2,AU01_r_AU26_r,0.506894267714,703254.482995
3,AU01_r_AU26_r,0.533714150221,1152180.24655
4,AU01_r_AU26_r,0.508738331512,1093460.01754
5,AU01_r_AU26_r,0.495295470017,1195461.69225
6,AU01_r_AU26_r,0.502307798479,1141785.93089
7,AU01_r_AU26_r,0.469807849223,1148951.21487
8,AU01_r_AU26_r,0.482048550093,1191316.35373
9,AU01_r_AU26_r,0.486831085318,1194633.0802
10,AU01_r_AU26_r,0.471028134634,1201520.9482
11,AU01_r_AU26_r,0.47298535359,1223145.5234
12,AU01_r_AU26_r,0.478957795935,1218759.78081
13,AU01_r_AU26_r,0.466933391916,1226519.40501
14,AU01_r_AU26_r,0.46695077299,1235696.90155
15,AU01_r_AU26_r,0.471818419338,1244429.52731
2,AU01_r_AU45_r,0.632511760607,879684.681554
3,AU01_r_AU45_r,0.61191671644,1145972.31102
4,AU01_r_AU45_r,0.56035052121,1150330.29938
5,AU01_r_AU45_r,0.54939669319,1223699.36903
6,AU01_r_AU45_r,0.535448333197,1193575.27383
7,AU01_r_AU45_r,0.528409834819,1207043.2502
8,AU01_r_AU45_r,0.536561250323,1211216.3652
9,AU01_r_AU45_r,0.533654193127,1215764.15896
10,AU01_r_AU45_r,0.532262488083,1250365.97498
11,AU01_r_AU45_r,0.523225659527,1259381.24422
12,AU01_r_AU45_r,0.525829685536,1265036.19322
13,AU01_r_AU45_r,0.525669942942,1283594.01303
14,AU01_r_AU45_r,0.527754829647,1291558.75619
15,AU01_r_AU45_r,0.519095399671,1296832.401
2,AU02_r_AU05_r,0.794338703828,808297.134919
3,AU02_r_AU05_r,0.808991737607,1227575.43552
4,AU02_r_AU05_r,0.766514749747,1287624.77393
5,AU02_r_AU05_r,0.774640505344,1411455.08191
6,AU02_r_AU05_r,0.751750383424,1445759.7324
7,AU02_r_AU05_r,0.755314330715,1464071.96301
8,AU02_r_AU05_r,0.741931636962,1476079.1299
9,AU02_r_AU05_r,0.743725161602,1525042.94364
10,AU02_r_AU05_r,0.743737185538,1544619.60403
11,AU02_r_AU05_r,0.735743327369,1569501.16723
12,AU02_r_AU05_r,0.736865022651,1611477.20247
13,AU02_r_AU05_r,0.735373877692,1627266.22449
14,AU02_r_AU05_r,0.73218195262,1650673.17971
15,AU02_r_AU05_r,0.733543825036,1667478.44029
2,AU02_r_AU06_r,0.574674822611,1794758.27353
3,AU02_r_AU06_r,0.524665088086,1582380.22282
4,AU02_r_AU06_r,0.56103201505,1819641.13561
5,AU02_r_AU06_r,0.543382582759,1967236.42745
6,AU02_r_AU06_r,0.552688256399,1963107.26792
7,AU02_r_AU06_r,0.534811819477,2052818.38594
8,AU02_r_AU06_r,0.545400930496,2059407.99853
9,AU02_r_AU06_r,0.536938783443,2134685.84809
10,AU02_r_AU06_r,0.542760823865,2167091.88397
11,AU02_r_AU06_r,0.529751145449,2219767.42487
12,AU02_r_AU06_r,0.536999824704,2258453.10735
13,AU02_r_AU06_r,0.52957611365,2293835.4834
14,AU02_r_AU06_r,0.530849115935,2320106.79274
15,AU02_r_AU06_r,0.524718132995,2340417.65696
2,AU02_r_AU07_r,0.596417618898,2234112.75984
3,AU02_r_AU07_r,0.547773854236,2096554.05812
4,AU02_r_AU07_r,0.574874372557,2121740.84779
5,AU02_r_AU07_r,0.550596572434,2284834.44416
6,AU02_r_AU07_r,0.530188512171,2256599.81616
7,AU02_r_AU07_r,0.542113519506,2317589.68772
8,AU02_r_AU07_r,0.528947820176,2329179.14352
9,AU02_r_AU07_r,0.541854373032,2407772.28562
10,AU02_r_AU07_r,0.529300891599,2425648.9184
11,AU02_r_AU07_r,0.533718816366,2457902.67496
12,AU02_r_AU07_r,0.541082236932,2492132.22882
13,AU02_r_AU07_r,0.534032213282,2544959.27678
14,AU02_r_AU07_r,0.535115407207,2537655.85314
15,AU02_r_AU07_r,0.526627644722,2567029.18842
2,AU02_r_AU09_r,0.715276122047,709205.28625
3,AU02_r_AU09_r,0.703292469025,1209095.15996
4,AU02_r_AU09_r,0.675891148329,1234724.56834
5,AU02_r_AU09_r,0.653728105787,1518528.93842
6,AU02_r_AU09_r,0.652383530219,1555538.97912
7,AU02_r_AU09_r,0.638374163285,1710447.96931
8,AU02_r_AU09_r,0.641687802365,1742436.67679
9,AU02_r_AU09_r,0.626139350885,1804244.61952
10,AU02_r_AU09_r,0.628720770239,1824637.34243
11,AU02_r_AU09_r,0.631053052547,1884641.81445
12,AU02_r_AU09_r,0.62172828487,1953287.11074
13,AU02_r_AU09_r,0.621031523938,1990141.04006
14,AU02_r_AU09_r,0.611195526167,2038762.88885
15,AU02_r_AU09_r,0.618624534354,2101739.58501
2,AU02_r_AU10_r,0.547934351796,1853286.18329
3,AU02_r_AU10_r,0.512859876014,1730512.27199
4,AU02_r_AU10_r,0.542443480512,1829066.97663
5,AU02_r_AU10_r,0.521363240569,1946685.97751
6,AU02_r_AU10_r,0.503368842247,1924497.45768
7,AU02_r_AU10_r,0.516912293573,1972710.3604
8,AU02_r_AU10_r,0.529558654113,2006719.24
9,AU02_r_AU10_r,0.517851544897,2083444.09029
10,AU02_r_AU10_r,0.50353593425,2088776.81988
11,AU02_r_AU10_r,0.510126553686,2096652.86551
12,AU02_r_AU10_r,0.517090295345,2153472.85566
13,AU02_r_AU10_r,0.50931192329,2185101.3071
14,AU02_r_AU10_r,0.512231051759,2193342.16234
15,AU02_r_AU10_r,0.503683777714,2206935.03573
2,AU02_r_AU12_r,0.581340374667,1748998.98975
3,AU02_r_AU12_r,0.519536114217,1809524.35319
4,AU02_r_AU12_r,0.549422004059,1870785.7082
5,AU02_r_AU12_r,0.525190085618,2111648.68629
6,AU02_r_AU12_r,0.504412637718,2134265.4566
7,AU02_r_AU12_r,0.519277043078,2180917.64691
8,AU02_r_AU12_r,0.505597174824,2224169.94043
9,AU02_r_AU12_r,0.518893346787,2295977.42332
10,AU02_r_AU12_r,0.505615449416,2323778.66429
11,AU02_r_AU12_r,0.510396881305,2325138.24543
12,AU02_r_AU12_r,0.501482714843,2347530.71905
13,AU02_r_AU12_r,0.508492923361,2396726.31955
14,AU02_r_AU12_r,0.499383978316,2406396.45522
15,AU02_r_AU12_r,0.506105461612,2410067.99273
2,AU02_r_AU14_r,0.561068668112,1981074.78685
3,AU02_r_AU14_r,0.526618901193,1921304.59369
4,AU02_r_AU14_r,0.551554651243,1862242.81541
5,AU02_r_AU14_r,0.532100225511,2027509.29713
6,AU02_r_AU14_r,0.510109955289,2026937.5267
7,AU02_r_AU14_r,0.52372199126,2015695.09878
8,AU02_r_AU14_r,0.508408891781,2026561.74715
9,AU02_r_AU14_r,0.521808132344,2095293.89154
10,AU02_r_AU14_r,0.511666584025,2110049.44439
11,AU02_r_AU14_r,0.517497631483,2131471.99079
12,AU02_r_AU14_r,0.507485586656,2140638.94725
13,AU02_r_AU14_r,0.514052476015,2181799.57595
14,AU02_r_AU14_r,0.504419249526,2189684.53593
15,AU02_r_AU14_r,0.511591740597,2191884.65131
2,AU02_r_AU15_r,0.692257611569,697909.839827
3,AU02_r_AU15_r,0.724019913579,1052062.57259
4,AU02_r_AU15_r,0.671064712833,1157724.79242
5,AU02_r_AU15_r,0.684206051117,1280899.46272
6,AU02_r_AU15_r,0.657947112393,1378192.55961
7,AU02_r_AU15_r,0.663232978179,1416363.78939
8,AU02_r_AU15_r,0.64917285996,1489915.34516
9,AU02_r_AU15_r,0.648967792646,1495289.02061
10,AU02_r_AU15_r,0.63666609653,1542510.82975
11,AU02_r_AU15_r,0.640130722711,1594306.23931
12,AU02_r_AU15_r,0.626195891945,1609432.92574
13,AU02_r_AU15_r,0.630793004364,1653036.93344
14,AU02_r_AU15_r,0.635505853675,1691022.11857
15,AU02_r_AU15_r,0.627558672407,1715605.6312
2,AU02_r_AU17_r,0.566132357019,1441354.05677
3,AU02_r_AU17_r,0.501573900631,1277540.45269
4,AU02_r_AU17_r,0.540796093756,1485492.24377
5,AU02_r_AU17_r,0.506743998554,1553368.9046
6,AU02_r_AU17_r,0.522236128978,1528374.86009
7,AU02_r_AU17_r,0.507365729687,1596964.72314
8,AU02_r_AU17_r,0.516432658313,1607097.52967
9,AU02_r_AU17_r,0.49807017063,1650822.42024
10,AU02_r_AU17_r,0.483286367681,1642361.64896
11,AU02_r_AU17_r,0.493171888002,1671789.69396
12,AU02_r_AU17_r,0.502260011777,1706205.6794
13,AU02_r_AU17_r,0.492226755188,1723418.31831
14,AU02_r_AU17_r,0.49689751218,1715639.5078
15,AU02_r_AU17_r,0.484827085586,1721961.02368
2,AU02_r_AU20_r,0.744911586037,890832.339585
3,AU02_r_AU20_r,0.698762645742,1237940.27544
4,AU02_r_AU20_r,0.705694417619,1347305.34449
5,AU02_r_AU20_r,0.67281395066,1431155.57793
6,AU02_r_AU20_r,0.678911312447,1500955.47344
7,AU02_r_AU20_r,0.655391609668,1521028.11693
8,AU02_r_AU20_r,0.662149646816,1560355.04494
9,AU02_r_AU20_r,0.666807696875,1566738.59898
10,AU02_r_AU20_r,0.6496748481,1603815.34423
11,AU02_r_AU20_r,0.651531255583,1654413.2682
12,AU02_r_AU20_r,0.639918119543,1660537.09375
13,AU02_r_AU20_r,0.644590264393,1687548.00486
14,AU02_r_AU20_r,0.647443146285,1736717.09619
15,AU02_r_AU20_r,0.639109257996,1750006.76204
2,AU02_r_AU23_r,0.667439391169,1006509.79457
3,AU02_r_AU23_r,0.696442516555,1203595.51699
4,AU02_r_AU23_r,0.649756145469,1331382.12427
5,AU02_r_AU23_r,0.6612868957,1385697.87876
6,AU02_r_AU23_r,0.642158141772,1488032.11664
7,AU02_r_AU23_r,0.644672608316,1471762.61874
8,AU02_r_AU23_r,0.633573001649,1529891.64877
9,AU02_r_AU23_r,0.637422897316,1549359.67879
10,AU02_r_AU23_r,0.625631626385,1577437.3274
11,AU02_r_AU23_r,0.630140998338,1616296.39669
12,AU02_r_AU23_r,0.635326487754,1633986.09346
13,AU02_r_AU23_r,0.623862696895,1665572.10668
14,AU02_r_AU23_r,0.626973602059,1691202.45906
15,AU02_r_AU23_r,0.618131862925,1702987.64846
2,AU02_r_AU25_r,0.607016819275,2174610.30942
3,AU02_r_AU25_r,0.550318208504,2036558.32944
4,AU02_r_AU25_r,0.574098139772,2000838.04366
5,AU02_r_AU25_r,0.546488213221,2179204.99352
6,AU02_r_AU25_r,0.519208969037,2178178.70224
7,AU02_r_AU25_r,0.535342731946,2218232.67059
8,AU02_r_AU25_r,0.516693390147,2241710.26074
9,AU02_r_AU25_r,0.529820587799,2320942.76196
10,AU02_r_AU25_r,0.512690223136,2349056.51798
11,AU02_r_AU25_r,0.522168571299,2349773.10309
12,AU02_r_AU25_r,0.529016451836,2389592.8224
13,AU02_r_AU25_r,0.51772674166,2449519.65113
14,AU02_r_AU25_r,0.508033899852,2460814.5732
15,AU02_r_AU25_r,0.513051180236,2462957.65453
2,AU02_r_AU26_r,0.583446569343,1385717.3645
3,AU02_r_AU26_r,0.604301272172,1208377.41825
4,AU02_r_AU26_r,0.56148565382,1443326.32385
5,AU02_r_AU26_r,0.531432249977,1445421.81765
6,AU02_r_AU26_r,0.549796183709,1478505.49294
7,AU02_r_AU26_r,0.52852781913,1493483.107
8,AU02_r_AU26_r,0.539198721421,1526555.69546
9,AU02_r_AU26_r,0.524322187806,1541112.7757
10,AU02_r_AU26_r,0.530744935415,1565315.02819
11,AU02_r_AU26_r,0.538590984364,1580317.81688
12,AU02_r_AU26_r,0.525830787192,1617120.00985
13,AU02_r_AU26_r,0.5167383238,1619194.12046
14,AU02_r_AU26_r,0.519499966242,1623647.26716
15,AU02_r_AU26_r,0.527166120417,1650952.26174
2,AU02_r_AU45_r,0.658979953133,1233437.43485
3,AU02_r_AU45_r,0.673486693897,1229851.50588
4,AU02_r_AU45_r,0.616909993369,1409166.44864
5,AU02_r_AU45_r,0.627553713445,1380449.47346
6,AU02_r_AU45_r,0.609168167229,1505353.8842
7,AU02_r_AU45_r,0.587757432002,1505609.82958
8,AU02_r_AU45_r,0.596346546988,1515228.16893
9,AU02_r_AU45_r,0.602883114505,1546451.2121
10,AU02_r_AU45_r,0.594009103904,1587580.27323
11,AU02_r_AU45_r,0.59810801602,1600703.83232
12,AU02_r_AU45_r,0.60122577824,1622341.59018
13,AU02_r_AU45_r,0.591133680244,1673661.47822
14,AU02_r_AU45_r,0.580206945018,1673394.20834
15,AU02_r_AU45_r,0.583898416634,1684480.65661
2,AU05_r_AU06_r,0.584726889389,1906459.15325
3,AU05_r_AU06_r,0.541110139607,1728569.14554
4,AU05_r_AU06_r,0.575739047521,1952114.43669
5,AU05_r_AU06_r,0.563761813845,2185575.22589
6,AU05_r_AU06_r,0.542117488103,2171048.20499
7,AU05_r_AU06_r,0.556992250656,2243014.52535
8,AU05_r_AU06_r,0.549111015721,2274722.2341
9,AU05_r_AU06_r,0.557528837863,2362436.87971
10,AU05_r_AU06_r,0.546189793828,2396522.64463
11,AU05_r_AU06_r,0.550347841966,2428410.01937
12,AU05_r_AU06_r,0.56005569542,2471812.36711
13,AU05_r_AU06_r,0.551128263321,2545431.29293
14,AU05_r_AU06_r,0.544125420689,2566036.02917
15,AU05_r_AU06_r,0.546250294714,2571119.37265
2,AU05_r_AU07_r,0.604231532562,2355673.76942
3,AU05_r_AU07_r,0.560750333472,2279413.82749
4,AU05_r_AU07_r,0.588506412999,2303446.83403
5,AU05_r_AU07_r,0.569035175816,2570160.83693
6,AU05_r_AU07_r,0.55181691531,2609537.55239
7,AU05_r_AU07_r,0.562885047523,2609435.16989
8,AU05_r_AU07_r,0.552019160833,2683890.43745
9,AU05_r_AU07_r,0.559099350758,2755522.12456
10,AU05_r_AU07_r,0.54917682499,2836994.57017
11,AU05_r_AU07_r,0.538705515697,2840137.60236
12,AU05_r_AU07_r,0.542869923041,2876599.85032
13,AU05_r_AU07_r,0.551320961721,2949654.04564
14,AU05_r_AU07_r,0.542376686757,2996753.61457
15,AU05_r_AU07_r,0.534490310528,3000665.52644
2,AU05_r_AU09_r,0.745018066429,765648.07435
3,AU05_r_AU09_r,0.729424284097,1214311.1392
4,AU05_r_AU09_r,0.657388889327,1255560.16498
5,AU05_r_AU09_r,0.683503072718,1416768.30935
6,AU05_r_AU09_r,0.652898876751,1432429.68817
7,AU05_r_AU09_r,0.663836355908,1476216.2379
8,AU05_r_AU09_r,0.668051712746,1509580.84234
9,AU05_r_AU09_r,0.648167249697,1538666.49725
10,AU05_r_AU09_r,0.654406969775,1571528.64431
11,AU05_r_AU09_r,0.658385679768,1587822.679
12,AU05_r_AU09_r,0.647254912265,1620732.76433
13,AU05_r_AU09_r,0.651154026073,1637777.8058
14,AU05_r_AU09_r,0.640272343912,1657310.73844
15,AU05_r_AU09_r,0.643017742238,1675389.08564
2,AU05_r_AU10_r,0.558113380982,1959575.60189
3,AU05_r_AU10_r,0.527047783333,1885119.00709
4,AU05_r_AU10_r,0.557195062603,1948021.51439
5,AU05_r_AU10_r,0.537188859785,2134898.97267
6,AU05_r_AU10_r,0.52507738867,2160374.72381
7,AU05_r_AU10_r,0.537508760136,2138715.70159
8,AU05_r_AU10_r,0.524739475226,2164946.30269
9,AU05_r_AU10_r,0.534328958159,2279050.60715
10,AU05_r_AU10_r,0.52665367631,2319892.33404
11,AU05_r_AU10_r,0.531149524787,2344955.53101
12,AU05_r_AU10_r,0.523564944277,2368699.23471
13,AU05_r_AU10_r,0.52757081425,2396657.76249
14,AU05_r_AU10_r,0.520529823089,2407354.342
15,AU05_r_AU10_r,0.523632888407,2433870.77734
2,AU05_r_AU12_r,0.589405101274,1836960.33069
3,AU05_r_AU12_r,0.530321728614,1957693.01265
4,AU05_r_AU12_r,0.559722137049,2014784.59542
5,AU05_r_AU12_r,0.540873832492,2364377.301
6,AU05_r_AU12_r,0.525080801669,2465791.93664
7,AU05_r_AU12_r,0.511314982568,2442255.71768
8,AU05_r_AU12_r,0.524169739789,2549775.15061
9,AU05_r_AU12_r,0.53325512553,2585895.59076
10,AU05_r_AU12_r,0.523965222156,2673978.06122
11,AU05_r_AU12_r,0.515022047718,2696144.14106
12,AU05_r_AU12_r,0.519180894335,2719811.9084
13,AU05_r_AU12_r,0.52563000384,2767845.27928
14,AU05_r_AU12_r,0.520680031158,2826729.72253
15,AU05_r_AU12_r,0.511997712582,2836403.86536
2,AU05_r_AU14_r,0.568845468031,2082837.04387
3,AU05_r_AU14_r,0.537741064989,2082455.60345
4,AU05_r_AU14_r,0.562828887105,2020324.0699
5,AU05_r_AU14_r,0.545741170814,2277546.0737
6,AU05_r_AU14_r,0.53111649113,2343615.54816
7,AU05_r_AU14_r,0.517426148171,2294193.51587
8,AU05_r_AU14_r,0.529402482232,2336174.37638
9,AU05_r_AU14_r,0.537894629213,2413261.14463
10,AU05_r_AU14_r,0.529180135051,2482946.33876
11,AU05_r_AU14_r,0.519547438419,2491832.33708
12,AU05_r_AU14_r,0.527289876207,2540073.6745
13,AU05_r_AU14_r,0.52027112262,2552975.48058
14,AU05_r_AU14_r,0.525338144444,2608860.51298
15,AU05_r_AU14_r,0.517873758589,2611518.5717
2,AU05_r_AU15_r,0.722190898089,782917.132977
3,AU05_r_AU15_r,0.744752874928,1071451.54943
4,AU05_r_AU15_r,0.696748984996,1237973.49915
5,AU05_r_AU15_r,0.70763751512,1268486.92391
6,AU05_r_AU15_r,0.682572551137,1390440.78984
7,AU05_r_AU15_r,0.659771607758,1397304.38374
8,AU05_r_AU15_r,0.673159952228,1438450.61138
9,AU05_r_AU15_r,0.67371767197,1462231.70468
10,AU05_r_AU15_r,0.65455881574,1511874.55786
11,AU05_r_AU15_r,0.661750520006,1531977.52824
12,AU05_r_AU15_r,0.665454022103,1553622.35239
13,AU05_r_AU15_r,0.653994787273,1600302.04691
14,AU05_r_AU15_r,0.655601008671,1607718.21837
15,AU05_r_AU15_r,0.649641192607,1633337.25616
2,AU05_r_AU17_r,0.578959213148,1540375.04634
3,AU05_r_AU17_r,0.520731318377,1405197.8483
4,AU05_r_AU17_r,0.553203725809,1551291.05038
5,AU05_r_AU17_r,0.525465483335,1661475.92308
6,AU05_r_AU17_r,0.509444791818,1648019.48125
7,AU05_r_AU17_r,0.523383739604,1682235.73436
8,AU05_r_AU17_r,0.507583707406,1685635.9721
9,AU05_r_AU17_r,0.515850946379,1724864.67014
10,AU05_r_AU17_r,0.502957512367,1735604.15354
11,AU05_r_AU17_r,0.511651929029,1781103.93192
12,AU05_r_AU17_r,0.515687659973,1788048.01915
13,AU05_r_AU17_r,0.508079628194,1823203.67709
14,AU05_r_AU17_r,0.510416540386,1827421.97119
15,AU05_r_AU17_r,0.503638018218,1852703.145
2,AU05_r_AU20_r,0.7671663459,889888.547881
3,AU05_r_AU20_r,0.715645855259,1387374.36239
4,AU05_r_AU20_r,0.722759616452,1415542.60902
5,AU05_r_AU20_r,0.692926620613,1596086.78683
6,AU05_r_AU20_r,0.697914062574,1614665.21853
7,AU05_r_AU20_r,0.67978389665,1700594.92405
8,AU05_r_AU20_r,0.680677328244,1695550.83082
9,AU05_r_AU20_r,0.666636258194,1735395.83883
10,AU05_r_AU20_r,0.66849111348,1760461.26586
11,AU05_r_AU20_r,0.671833590311,1779022.75456
12,AU05_r_AU20_r,0.662902221048,1825121.30977
13,AU05_r_AU20_r,0.665940909633,1854398.87338
14,AU05_r_AU20_r,0.654926457832,1879263.95882
15,AU05_r_AU20_r,0.659777202452,1923261.59869
2,AU05_r_AU23_r,0.688421079431,1115701.15527
3,AU05_r_AU23_r,0.715442021742,1254628.65721
4,AU05_r_AU23_r,0.673053495324,1448516.9076
5,AU05_r_AU23_r,0.641470279941,1423938.51882
6,AU05_r_AU23_r,0.662860432232,1560608.12082
7,AU05_r_AU23_r,0.647105248082,1565945.22482
8,AU05_r_AU23_r,0.656494035241,1578250.77251
9,AU05_r_AU23_r,0.659313791318,1616339.88609
10,AU05_r_AU23_r,0.648373703159,1662148.6237
11,AU05_r_AU23_r,0.650580238467,1692079.56504
12,AU05_r_AU23_r,0.65537903315,1710648.65148
13,AU05_r_AU23_r,0.646689917107,1760295.11743
14,AU05_r_AU23_r,0.636930960232,1763811.78181
15,AU05_r_AU23_r,0.640452277832,1778406.7698
2,AU05_r_AU25_r,0.618406790489,2287682.86324
3,AU05_r_AU25_r,0.568339182093,2206152.4932
4,AU05_r_AU25_r,0.590222630101,2107989.41841
5,AU05_r_AU25_r,0.565426024244,2351925.68709
6,AU05_r_AU25_r,0.541633613224,2397596.58352
7,AU05_r_AU25_r,0.555355168365,2363080.93647
8,AU05_r_AU25_r,0.538778770594,2421548.11362
9,AU05_r_AU25_r,0.548175062431,2466279.37421
10,AU05_r_AU25_r,0.535399202928,2521038.68027
11,AU05_r_AU25_r,0.543320524615,2552352.79787
12,AU05_r_AU25_r,0.53348437566,2596030.69286
13,AU05_r_AU25_r,0.538123589161,2597132.47096
14,AU05_r_AU25_r,0.530774627527,2628451.93954
15,AU05_r_AU25_r,0.53532249332,2630251.84548
2,AU05_r_AU26_r,0.595396666592,1493557.99389
3,AU05_r_AU26_r,0.539748234734,1274151.16103
4,AU05_r_AU26_r,0.578112970771,1575701.19817
5,AU05_r_AU26_r,0.554741972626,1629644.3645
6,AU05_r_AU26_r,0.567027112387,1593791.87498
7,AU05_r_AU26_r,0.54998804925,1645494.4727
8,AU05_r_AU26_r,0.556758893314,1666734.47092
9,AU05_r_AU26_r,0.544521153471,1715295.55019
10,AU05_r_AU26_r,0.549305234482,1698603.068
11,AU05_r_AU26_r,0.537653755116,1727571.56371
12,AU05_r_AU26_r,0.544696715992,1776382.58787
13,AU05_r_AU26_r,0.535398185379,1802039.27992
14,AU05_r_AU26_r,0.539906846686,1793585.33304
15,AU05_r_AU26_r,0.529370804841,1803469.22006
2,AU05_r_AU45_r,0.659307603342,1346260.02391
3,AU05_r_AU45_r,0.68247995551,1423982.604
4,AU05_r_AU45_r,0.633301774557,1773194.37676
5,AU05_r_AU45_r,0.605566811144,1843441.03928
6,AU05_r_AU45_r,0.624847586211,2041687.80382
7,AU05_r_AU45_r,0.609730668088,2187558.49552
8,AU05_r_AU45_r,0.616526958802,2234184.13387
9,AU05_r_AU45_r,0.607877870949,2378381.74909
10,AU05_r_AU45_r,0.598186600723,2434420.43442
11,AU05_r_AU45_r,0.603360558709,2482551.38131
12,AU05_r_AU45_r,0.609480029619,2542102.92111
13,AU05_r_AU45_r,0.597155806656,2630859.52908
14,AU05_r_AU45_r,0.60169322235,2665645.40305
15,AU05_r_AU45_r,0.595378657618,2733415.09535
2,AU06_r_AU07_r,0.497638574201,1433678.26667
3,AU06_r_AU07_r,0.437201318269,1189716.52342
4,AU06_r_AU07_r,0.472242641582,1371501.85401
5,AU06_r_AU07_r,0.44857359236,1307774.43104
6,AU06_r_AU07_r,0.451726672305,1347147.19673
7,AU06_r_AU07_r,0.45350163424,1318639.06064
8,AU06_r_AU07_r,0.443468494653,1323465.17167
9,AU06_r_AU07_r,0.445904095172,1344570.59704
10,AU06_r_AU07_r,0.448973129255,1338510.16023
11,AU06_r_AU07_r,0.445256071243,1343416.02827
12,AU06_r_AU07_r,0.446695242387,1332615.39434
13,AU06_r_AU07_r,0.451561150957,1342640.85398
14,AU06_r_AU07_r,0.448110898833,1349180.97007
15,AU06_r_AU07_r,0.441865607072,1349708.4488
2,AU06_r_AU09_r,0.574752494863,1915095.57445
3,AU06_r_AU09_r,0.523966170791,1749266.17008
4,AU06_r_AU09_r,0.545718319932,1641777.75131
5,AU06_r_AU09_r,0.518667193982,1739467.75304
6,AU06_r_AU09_r,0.530278178214,1690791.02196
7,AU06_r_AU09_r,0.505674049876,1718558.9383
8,AU06_r_AU09_r,0.513852080713,1679872.90985
9,AU06_r_AU09_r,0.519022491088,1692688.81538
10,AU06_r_AU09_r,0.507436536699,1750335.09152
11,AU06_r_AU09_r,0.515605313875,1749810.54409
12,AU06_r_AU09_r,0.502638205107,1773492.79028
13,AU06_r_AU09_r,0.50438731139,1758840.82024
14,AU06_r_AU09_r,0.492774457803,1757330.18631
15,AU06_r_AU09_r,0.4959035113,1761926.79107
2,AU06_r_AU10_r,0.491028560411,1512846.82196
3,AU06_r_AU10_r,0.419183835261,1306466.5046
4,AU06_r_AU10_r,0.44999731358,1340868.94459
5,AU06_r_AU10_r,0.437816408084,1340321.39543
6,AU06_r_AU10_r,0.445698892885,1340773.73947
7,AU06_r_AU10_r,0.428243129458,1311884.06035
8,AU06_r_AU10_r,0.431929455052,1307469.62145
9,AU06_r_AU10_r,0.438842175997,1286958.17954
10,AU06_r_AU10_r,0.435959593392,1285784.73097
11,AU06_r_AU10_r,0.433385127002,1292193.76657
12,AU06_r_AU10_r,0.440581095131,1303659.53502
13,AU06_r_AU10_r,0.438402765218,1298491.92838
14,AU06_r_AU10_r,0.434155083633,1291810.63101
15,AU06_r_AU10_r,0.435232137216,1292659.26693
2,AU06_r_AU12_r,0.541413917577,1672676.39858
3,AU06_r_AU12_r,0.46703245181,1717439.86862
4,AU06_r_AU12_r,0.462364522282,1612651.56731
5,AU06_r_AU12_r,0.452230123558,1737334.06397
6,AU06_r_AU12_r,0.446256764822,1685405.93287
7,AU06_r_AU12_r,0.43912893828,1704818.28191
8,AU06_r_AU12_r,0.426789167646,1646544.87887
9,AU06_r_AU12_r,0.428495495753,1630002.52853
10,AU06_r_AU12_r,0.435079055094,1645698.83032
11,AU06_r_AU12_r,0.438633397851,1647248.65761
12,AU06_r_AU12_r,0.438234395056,1638497.25369
13,AU06_r_AU12_r,0.426521543655,1625934.87195
14,AU06_r_AU12_r,0.432713380941,1621334.46241
15,AU06_r_AU12_r,0.430946860111,1614288.49981
2,AU06_r_AU14_r,0.461727826853,1247727.77381
3,AU06_r_AU14_r,0.449634016577,1108315.516
4,AU06_r_AU14_r,0.437892894001,1160738.02252
5,AU06_r_AU14_r,0.436793920226,1197045.33479
6,AU06_r_AU14_r,0.436342619425,1189008.33414
7,AU06_r_AU14_r,0.435042165871,1199788.3928
8,AU06_r_AU14_r,0.431611993746,1201714.28099
9,AU06_r_AU14_r,0.435471486466,1210810.46073
10,AU06_r_AU14_r,0.429060972163,1216403.47206
11,AU06_r_AU14_r,0.428165904196,1215642.67574
12,AU06_r_AU14_r,0.427297558785,1207337.54243
13,AU06_r_AU14_r,0.43161561977,1219647.12557
14,AU06_r_AU14_r,0.42555124388,1213556.99978
15,AU06_r_AU14_r,0.430034156761,1217713.48229
2,AU06_r_AU15_r,0.553488566539,1571412.1813
3,AU06_r_AU15_r,0.495090388118,1313775.81485
4,AU06_r_AU15_r,0.526337130851,1471005.20521
5,AU06_r_AU15_r,0.494547229431,1478816.2481
6,AU06_r_AU15_r,0.511592571114,1544441.23279
7,AU06_r_AU15_r,0.520279541463,1527421.50242
8,AU06_r_AU15_r,0.499739486842,1578027.18656
9,AU06_r_AU15_r,0.50352417683,1575498.76502
10,AU06_r_AU15_r,0.492867703242,1600112.9672
11,AU06_r_AU15_r,0.500394297771,1627069.23739
12,AU06_r_AU15_r,0.486557436371,1627290.35693
13,AU06_r_AU15_r,0.488631885112,1649594.67691
14,AU06_r_AU15_r,0.495269358793,1664181.38008
15,AU06_r_AU15_r,0.499824302591,1671028.01002
2,AU06_r_AU17_r,0.41558920267,824322.369767
3,AU06_r_AU17_r,0.449206943174,1126854.87844
4,AU06_r_AU17_r,0.409132598029,1050957.92009
5,AU06_r_AU17_r,0.406042906303,1096183.17493
6,AU06_r_AU17_r,0.421563265745,1136785.67761
7,AU06_r_AU17_r,0.405933138012,1128146.81189
8,AU06_r_AU17_r,0.400659288464,1144461.26313
9,AU06_r_AU17_r,0.40617488119,1162176.22674
10,AU06_r_AU17_r,0.40793316265,1150747.8161
11,AU06_r_AU17_r,0.397710981187,1149880.48918
12,AU06_r_AU17_r,0.39342734987,1165339.73835
13,AU06_r_AU17_r,0.404576008243,1180432.20892
14,AU06_r_AU17_r,0.40436803789,1180844.63957
15,AU06_r_AU17_r,0.396899501047,1180385.54896
2,AU06_r_AU20_r,0.578955956352,2106448.04032
3,AU06_r_AU20_r,0.528571410372,2012280.82353
4,AU06_r_AU20_r,0.495453930792,1865910.51751
5,AU06_r_AU20_r,0.528878126287,1964036.59883
6,AU06_r_AU20_r,0.499433498232,1927919.21911
7,AU06_r_AU20_r,0.516653436418,2014440.14042
8,AU06_r_AU20_r,0.503178270583,2014641.77976
9,AU06_r_AU20_r,0.512880880559,1997322.45773
10,AU06_r_AU20_r,0.520656597398,2033122.64628
11,AU06_r_AU20_r,0.508573149854,2066020.24647
12,AU06_r_AU20_r,0.508840385072,2054457.98825
13,AU06_r_AU20_r,0.500124504726,2071212.02651
14,AU06_r_AU20_r,0.506175055114,2112645.8334
15,AU06_r_AU20_r,0.500440665175,2113969.2479
2,AU06_r_AU23_r,0.519284486373,1332050.83158
3,AU06_r_AU23_r,0.533500196714,1197096.00434
4,AU06_r_AU23_r,0.500839128271,1324315.44213
5,AU06_r_AU23_r,0.499738201071,1283027.44737
6,AU06_r_AU23_r,0.486747509431,1347926.27462
7,AU06_r_AU23_r,0.496541441864,1362327.43273
8,AU06_r_AU23_r,0.503736304857,1358857.6897
9,AU06_r_AU23_r,0.484544674023,1400814.13854
10,AU06_r_AU23_r,0.487160774017,1423599.53746
11,AU06_r_AU23_r,0.478440962603,1434993.21277
12,AU06_r_AU23_r,0.486933112074,1451179.3359
13,AU06_r_AU23_r,0.490773742354,1465167.18228
14,AU06_r_AU23_r,0.479544031323,1473973.54768
15,AU06_r_AU23_r,0.480057621887,1486666.53397
2,AU06_r_AU25_r,0.488025527109,1159160.33614
3,AU06_r_AU25_r,0.414274142126,1063194.25556
4,AU06_r_AU25_r,0.448787501488,1268047.66388
5,AU06_r_AU25_r,0.438428270142,1198267.84302
6,AU06_r_AU25_r,0.434041487462,1238900.48782
7,AU06_r_AU25_r,0.420559354046,1229359.09639
8,AU06_r_AU25_r,0.423475962593,1229830.06068
9,AU06_r_AU25_r,0.425226535456,1244164.66276
10,AU06_r_AU25_r,0.424852440742,1242334.88225
11,AU06_r_AU25_r,0.42589944163,1242420.54674
12,AU06_r_AU25_r,0.420009612534,1245909.98785
13,AU06_r_AU25_r,0.425114330767,1256702.2434
14,AU06_r_AU25_r,0.4258595015,1264825.68611
15,AU06_r_AU25_r,0.41805875481,1259037.81501
2,AU06_r_AU26_r,0.43918166353,946205.167934
3,AU06_r_AU26_r,0.460826949808,1135417.53471
4,AU06_r_AU26_r,0.430696990146,1115938.43333
5,AU06_r_AU26_r,0.426540397606,1113285.33964
6,AU06_r_AU26_r,0.434484387212,1127423.44498
7,AU06_r_AU26_r,0.425891320677,1153313.77728
8,AU06_r_AU26_r,0.431236332433,1152118.61258
9,AU06_r_AU26_r,0.429696885632,1170994.75272
10,AU06_r_AU26_r,0.415631803729,1162768.21649
11,AU06_r_AU26_r,0.421896589337,1160494.11824
12,AU06_r_AU26_r,0.427512263272,1171306.59559
13,AU06_r_AU26_r,0.424558951141,1188130.80082
14,AU06_r_AU26_r,0.421953213203,1194621.06464
15,AU06_r_AU26_r,0.422906459395,1198990.74366
2,AU06_r_AU45_r,0.490239159354,1126631.53783
3,AU06_r_AU45_r,0.521976016086,1210269.4059
4,AU06_r_AU45_r,0.484796058884,1289024.15456
5,AU06_r_AU45_r,0.47920600476,1235996.5589
6,AU06_r_AU45_r,0.463889455615,1262330.45279
7,AU06_r_AU45_r,0.478454939336,1313395.85437
8,AU06_r_AU45_r,0.476172281693,1285792.32355
9,AU06_r_AU45_r,0.458403439538,1292626.56711
10,AU06_r_AU45_r,0.468429271654,1322956.97021
11,AU06_r_AU45_r,0.457498169299,1312120.1499
12,AU06_r_AU45_r,0.464491010848,1311489.55236
13,AU06_r_AU45_r,0.464580004205,1326762.29254
14,AU06_r_AU45_r,0.471201876536,1359777.52383
15,AU06_r_AU45_r,0.458328597832,1358114.9325
2,AU07_r_AU09_r,0.594472417545,2331728.94073
3,AU07_r_AU09_r,0.539736769154,2241442.44129
4,AU07_r_AU09_r,0.503203190623,2006472.37215
5,AU07_r_AU09_r,0.528846418424,2071862.05654
6,AU07_r_AU09_r,0.500732467491,2022480.0932
7,AU07_r_AU09_r,0.515426578922,2046469.38175
8,AU07_r_AU09_r,0.492704682499,2025030.24498
9,AU07_r_AU09_r,0.499516678522,2015758.56793
10,AU07_r_AU09_r,0.509145235994,2078739.53612
11,AU07_r_AU09_r,0.497732015641,2103212.65693
12,AU07_r_AU09_r,0.505335018344,2097091.93736
13,AU07_r_AU09_r,0.492439793285,2093667.21739
14,AU07_r_AU09_r,0.493432596991,2091825.45632
15,AU07_r_AU09_r,0.495165015297,2096078.0757
2,AU07_r_AU10_r,0.436897870347,1020194.07413
3,AU07_r_AU10_r,0.405738178424,1045206.66781
4,AU07_r_AU10_r,0.423777063301,1161595.02157
5,AU07_r_AU10_r,0.407095916418,1116075.65117
6,AU07_r_AU10_r,0.408765931782,1110690.15963
7,AU07_r_AU10_r,0.418854920568,1177979.5228
8,AU07_r_AU10_r,0.412815280245,1163206.02628
9,AU07_r_AU10_r,0.415492901099,1163578.68058
10,AU07_r_AU10_r,0.416529915667,1177543.57805
11,AU07_r_AU10_r,0.418187237636,1191082.94144
12,AU07_r_AU10_r,0.417645492817,1206613.53778
13,AU07_r_AU10_r,0.419974071998,1203884.10676
14,AU07_r_AU10_r,0.411850645601,1209836.07919
15,AU07_r_AU10_r,0.41472992617,1216449.27144
2,AU07_r_AU12_r,0.454108632005,961795.535548
3,AU07_r_AU12_r,0.455589689014,1088337.34271
4,AU07_r_AU12_r,0.426021939139,1141307.49151
5,AU07_r_AU12_r,0.414248313252,1129159.87536
6,AU07_r_AU12_r,0.396733764908,1114859.63148
7,AU07_r_AU12_r,0.416440906191,1154815.38961
8,AU07_r_AU12_r,0.420029579911,1194259.13187
9,AU07_r_AU12_r,0.409751803666,1188268.31763
10,AU07_r_AU12_r,0.411905090426,1194925.27354
11,AU07_r_AU12_r,0.410776054216,1200488.41848
12,AU07_r_AU12_r,0.41591342606,1209502.62569
13,AU07_r_AU12_r,0.40800409915,1210334.3761
14,AU07_r_AU12_r,0.414051662888,1208364.16062
15,AU07_r_AU12_r,0.409271314262,1208644.71124
2,AU07_r_AU14_r,0.392303670015,752511.933159
3,AU07_r_AU14_r,0.438292060711,1169420.56771
4,AU07_r_AU14_r,0.405646635392,1100254.04684
5,AU07_r_AU14_r,0.405585043364,1125108.52001
6,AU07_r_AU14_r,0.419070425432,1176426.9369
7,AU07_r_AU14_r,0.421757872483,1158028.70024
8,AU07_r_AU14_r,0.41426074261,1175563.72033
9,AU07_r_AU14_r,0.414916356637,1193464.21247
10,AU07_r_AU14_r,0.417252281814,1198181.31452
11,AU07_r_AU14_r,0.41674916978,1198473.61323
12,AU07_r_AU14_r,0.418909346232,1207102.89419
13,AU07_r_AU14_r,0.414976610562,1219455.07693
14,AU07_r_AU14_r,0.4127158729,1222024.74103
15,AU07_r_AU14_r,0.4131153835,1218354.10681
2,AU07_r_AU15_r,0.57647767329,2003225.04034
3,AU07_r_AU15_r,0.518076208224,1777347.88335
4,AU07_r_AU15_r,0.544295770676,1835506.02547
5,AU07_r_AU15_r,0.510378203129,1869057.1857
6,AU07_r_AU15_r,0.516983273085,1870128.90166
7,AU07_r_AU15_r,0.499268256529,1901376.4048
8,AU07_r_AU15_r,0.511461049185,1900515.53621
9,AU07_r_AU15_r,0.495458396853,1912271.37535
10,AU07_r_AU15_r,0.498575344461,1940094.47012
11,AU07_r_AU15_r,0.507502506288,1962587.07502
12,AU07_r_AU15_r,0.495519464437,1999303.18713
13,AU07_r_AU15_r,0.493878437879,2002928.48094
14,AU07_r_AU15_r,0.484645368298,2015272.95446
15,AU07_r_AU15_r,0.487174831596,2021252.08716
2,AU07_r_AU17_r,0.458599940894,1117375.01338
3,AU07_r_AU17_r,0.444969935759,1169261.12537
4,AU07_r_AU17_r,0.414928429508,1153382.84759
5,AU07_r_AU17_r,0.42632395758,1163187.96147
6,AU07_r_AU17_r,0.41787623602,1195272.60451
7,AU07_r_AU17_r,0.405230514145,1198419.97954
8,AU07_r_AU17_r,0.412414922388,1211127.22787
9,AU07_r_AU17_r,0.401253733541,1214771.54197
10,AU07_r_AU17_r,0.407681803187,1209848.23946
11,AU07_r_AU17_r,0.402400332949,1219472.43949
12,AU07_r_AU17_r,0.405650241542,1224468.54382
13,AU07_r_AU17_r,0.395712835907,1226781.28781
14,AU07_r_AU17_r,0.400922366332,1238015.75925
15,AU07_r_AU17_r,0.397791238356,1247949.77146
2,AU07_r_AU20_r,0.599772068455,2553501.40352
3,AU07_r_AU20_r,0.549163204206,2600782.83055
4,AU07_r_AU20_r,0.510081007248,2426736.12707
5,AU07_r_AU20_r,0.532157573423,2409071.54279
6,AU07_r_AU20_r,0.511184860167,2424692.41702
7,AU07_r_AU20_r,0.524194696832,2436757.72246
8,AU07_r_AU20_r,0.511311828048,2475665.85015
9,AU07_r_AU20_r,0.494016647721,2438732.13774
10,AU07_r_AU20_r,0.500577379181,2446212.48126
11,AU07_r_AU20_r,0.51068184279,2508692.52183
12,AU07_r_AU20_r,0.500643401763,2523734.73371
13,AU07_r_AU20_r,0.506256608496,2507915.75339
14,AU07_r_AU20_r,0.50881543632,2519601.17133
15,AU07_r_AU20_r,0.501950925047,2546065.87063
2,AU07_r_AU23_r,0.548005253561,1732962.28586
3,AU07_r_AU23_r,0.472785855286,1447070.48333
4,AU07_r_AU23_r,0.513961579656,1645632.29682
5,AU07_r_AU23_r,0.479118256352,1599743.01898
6,AU07_r_AU23_r,0.485599471571,1590921.1529
7,AU07_r_AU23_r,0.497618406948,1621752.5131
8,AU07_r_AU23_r,0.483588543503,1660867.54701
9,AU07_r_AU23_r,0.491697163838,1659763.80685
10,AU07_r_AU23_r,0.477869501079,1670126.52053
11,AU07_r_AU23_r,0.480619144663,1702105.40828
12,AU07_r_AU23_r,0.484834746637,1698851.82516
13,AU07_r_AU23_r,0.477270359503,1709340.39957
14,AU07_r_AU23_r,0.482563318284,1740938.13008
15,AU07_r_AU23_r,0.477915850774,1748321.07975
2,AU07_r_AU25_r,0.444402398257,907536.66391
3,AU07_r_AU25_r,0.451754483237,1077357.08945
4,AU07_r_AU25_r,0.460817231755,1214197.32134
5,AU07_r_AU25_r,0.423306914173,1167652.09341
6,AU07_r_AU25_r,0.414347795634,1154081.2469
7,AU07_r_AU25_r,0.436176073841,1222448.24763
8,AU07_r_AU25_r,0.437349385239,1223630.44291
9,AU07_r_AU25_r,0.421396712734,1209632.81537
10,AU07_r_AU25_r,0.423744238025,1210478.60219
11,AU07_r_AU25_r,0.420747198247,1223435.30455
12,AU07_r_AU25_r,0.427917036919,1244267.44072
13,AU07_r_AU25_r,0.42373638007,1239188.60367
14,AU07_r_AU25_r,0.42814008424,1244102.10191
15,AU07_r_AU25_r,0.419432545447,1248200.29662
2,AU07_r_AU26_r,0.484329598923,1287536.87595
3,AU07_r_AU26_r,0.462171707639,1224376.36157
4,AU07_r_AU26_r,0.441657419775,1266026.86548
5,AU07_r_AU26_r,0.452817420474,1257060.7234
6,AU07_r_AU26_r,0.436142547475,1224686.78771
7,AU07_r_AU26_r,0.432080854121,1259350.57288
8,AU07_r_AU26_r,0.440590200428,1274795.44554
9,AU07_r_AU26_r,0.429777661368,1262475.01558
10,AU07_r_AU26_r,0.42365060108,1272821.38657
11,AU07_r_AU26_r,0.426860438409,1270248.58344
12,AU07_r_AU26_r,0.433047623245,1279075.15659
13,AU07_r_AU26_r,0.424447380465,1276929.99471
14,AU07_r_AU26_r,0.421163332398,1285623.99197
15,AU07_r_AU26_r,0.42434848677,1292721.14348
2,AU07_r_AU45_r,0.522640986871,1487766.97533
3,AU07_r_AU45_r,0.527607715627,1378145.82002
4,AU07_r_AU45_r,0.502896403705,1554063.01636
5,AU07_r_AU45_r,0.463497185543,1466700.42816
6,AU07_r_AU45_r,0.473781348856,1458433.47886
7,AU07_r_AU45_r,0.488116351709,1525008.73129
8,AU07_r_AU45_r,0.469349757715,1523394.93536
9,AU07_r_AU45_r,0.477560273809,1521947.73591
10,AU07_r_AU45_r,0.4754706176,1531209.88023
11,AU07_r_AU45_r,0.466358896063,1541744.91977
12,AU07_r_AU45_r,0.472025430806,1543646.90435
13,AU07_r_AU45_r,0.478475250521,1558337.19735
14,AU07_r_AU45_r,0.47492336766,1561910.50693
15,AU07_r_AU45_r,0.467447928158,1580054.89365
2,AU09_r_AU10_r,0.546045725354,1962010.71259
3,AU09_r_AU10_r,0.507040783435,1902796.07241
4,AU09_r_AU10_r,0.472107231332,1702380.06099
5,AU09_r_AU10_r,0.496606760859,1778895.04912
6,AU09_r_AU10_r,0.474517970243,1746321.0576
7,AU09_r_AU10_r,0.490879628844,1797186.64833
8,AU09_r_AU10_r,0.468090039568,1768171.63325
9,AU09_r_AU10_r,0.480455020642,1762976.64674
10,AU09_r_AU10_r,0.48753086108,1780197.58813
11,AU09_r_AU10_r,0.47228426084,1790533.91835
12,AU09_r_AU10_r,0.484172519271,1816290.82336
13,AU09_r_AU10_r,0.487568644806,1816025.87822
14,AU09_r_AU10_r,0.476731201872,1827554.08404
15,AU09_r_AU10_r,0.481736096106,1841035.67083
2,AU09_r_AU12_r,0.576762351941,1817027.96244
3,AU09_r_AU12_r,0.507686557179,1921653.62915
4,AU09_r_AU12_r,0.467418362836,1784090.96822
5,AU09_r_AU12_r,0.49954384079,1940877.76979
6,AU09_r_AU12_r,0.470617176998,1938425.4444
7,AU09_r_AU12_r,0.485514864878,1934430.25862
8,AU09_r_AU12_r,0.467751483506,1941436.66281
9,AU09_r_AU12_r,0.472670592853,1928384.08829
10,AU09_r_AU12_r,0.486020487529,1959182.12719
11,AU09_r_AU12_r,0.469713139023,1987743.25378
12,AU09_r_AU12_r,0.455760451702,1973641.10599
13,AU09_r_AU12_r,0.465938233137,1979568.36222
14,AU09_r_AU12_r,0.469323967096,1998512.34757
15,AU09_r_AU12_r,0.47103045256,1996912.67483
2,AU09_r_AU14_r,0.552410647934,2054810.78959
3,AU09_r_AU14_r,0.513624886042,2034385.71907
4,AU09_r_AU14_r,0.4785477269,1852598.29272
5,AU09_r_AU14_r,0.50500438594,1953082.28875
6,AU09_r_AU14_r,0.479391364458,1943800.63884
7,AU09_r_AU14_r,0.495953687889,1948879.60681
8,AU09_r_AU14_r,0.475497319483,1948729.10583
9,AU09_r_AU14_r,0.478940267086,1926140.73186
10,AU09_r_AU14_r,0.489549627741,1939452.17069
11,AU09_r_AU14_r,0.480168825155,1974503.68142
12,AU09_r_AU14_r,0.465780831828,1966345.68927
13,AU09_r_AU14_r,0.471805898557,1977362.51499
14,AU09_r_AU14_r,0.479252575551,1999720.88054
15,AU09_r_AU14_r,0.467999092249,2005094.1846
2,AU09_r_AU15_r,0.689289576786,785336.039286
3,AU09_r_AU15_r,0.664055049224,933006.482468
4,AU09_r_AU15_r,0.634373121608,1040098.01696
5,AU09_r_AU15_r,0.608047405438,1100826.7242
6,AU09_r_AU15_r,0.607399592328,1151305.45714
7,AU09_r_AU15_r,0.586447941118,1143620.86767
8,AU09_r_AU15_r,0.590837715658,1165774.33716
9,AU09_r_AU15_r,0.58881615652,1186863.29654
10,AU09_r_AU15_r,0.593811158185,1208036.82178
11,AU09_r_AU15_r,0.584587455667,1230214.02524
12,AU09_r_AU15_r,0.574288865237,1242374.12205
13,AU09_r_AU15_r,0.583024969871,1255868.04789
14,AU09_r_AU15_r,0.579010456127,1267721.76651
15,AU09_r_AU15_r,0.577092840939,1270513.68208
2,AU09_r_AU17_r,0.554267949491,1509784.15321
3,AU09_r_AU17_r,0.481313850807,1371151.62173
4,AU09_r_AU17_r,0.509863012308,1377326.4584
5,AU09_r_AU17_r,0.474598791928,1428426.56571
6,AU09_r_AU17_r,0.446776910684,1383943.36701
7,AU09_r_AU17_r,0.464541671977,1424879.15994
8,AU09_r_AU17_r,0.466289469717,1419219.6697
9,AU09_r_AU17_r,0.45147124538,1435430.3554
10,AU09_r_AU17_r,0.462100835376,1479961.8876
11,AU09_r_AU17_r,0.448117636277,1488808.67077
12,AU09_r_AU17_r,0.456878633818,1503551.01707
13,AU09_r_AU17_r,0.460651803139,1523472.84408
14,AU09_r_AU17_r,0.449093587446,1537622.93092
15,AU09_r_AU17_r,0.455721486999,1534472.32526
2,AU09_r_AU20_r,0.661965948995,824670.893618
3,AU09_r_AU20_r,0.65447798302,1121046.63051
4,AU09_r_AU20_r,0.619189215294,1197447.33878
5,AU09_r_AU20_r,0.618267729645,1257986.36003
6,AU09_r_AU20_r,0.602454017719,1280506.02336
7,AU09_r_AU20_r,0.60060591955,1284038.50738
8,AU09_r_AU20_r,0.608558042472,1288333.53796
9,AU09_r_AU20_r,0.590307456725,1305846.91593
10,AU09_r_AU20_r,0.596821271269,1326875.02598
11,AU09_r_AU20_r,0.595483557631,1347650.63342
12,AU09_r_AU20_r,0.589542519619,1367214.2022
13,AU09_r_AU20_r,0.589650705118,1379396.64012
14,AU09_r_AU20_r,0.590383521229,1398259.25853
15,AU09_r_AU20_r,0.582844871084,1417685.587
2,AU09_r_AU23_r,0.652413454776,1086846.04943
3,AU09_r_AU23_r,0.631559255481,1087313.47105
4,AU09_r_AU23_r,0.603938598427,1205300.75201
5,AU09_r_AU23_r,0.58691594624,1259168.24694
6,AU09_r_AU23_r,0.583023786642,1330989.75314
7,AU09_r_AU23_r,0.565138156311,1322916.3801
8,AU09_r_AU23_r,0.567392289193,1351663.18312
9,AU09_r_AU23_r,0.566433744209,1401510.05653
10,AU09_r_AU23_r,0.575498453394,1418020.10764
11,AU09_r_AU23_r,0.567313824246,1452848.97786
12,AU09_r_AU23_r,0.557040428523,1465599.16904
13,AU09_r_AU23_r,0.556260921379,1473178.55761
14,AU09_r_AU23_r,0.563608819597,1498277.76961
15,AU09_r_AU23_r,0.564904771367,1506623.99287
2,AU09_r_AU25_r,0.604595314771,2276364.99954
3,AU09_r_AU25_r,0.543393131463,2186763.25278
4,AU09_r_AU25_r,0.498952304077,1990720.69788
5,AU09_r_AU25_r,0.527359509676,2075349.95834
6,AU09_r_AU25_r,0.494477754807,2062077.76796
7,AU09_r_AU25_r,0.507750655628,2056190.3525
8,AU09_r_AU25_r,0.484477967497,2058326.04815
9,AU09_r_AU25_r,0.493093718247,2030950.98337
10,AU09_r_AU25_r,0.501745548207,2037921.51844
11,AU09_r_AU25_r,0.487076646687,2070656.46924
12,AU09_r_AU25_r,0.473910164291,2057946.22472
13,AU09_r_AU25_r,0.477649102649,2074686.50976
14,AU09_r_AU25_r,0.485630216351,2094806.43243
15,AU09_r_AU25_r,0.473086008362,2091042.83092
2,AU09_r_AU26_r,0.560080775821,1458596.97648
3,AU09_r_AU26_r,0.486594898728,1233611.32911
4,AU09_r_AU26_r,0.529596040421,1485417.84122
5,AU09_r_AU26_r,0.496604372156,1506001.01495
6,AU09_r_AU26_r,0.503695494737,1495979.99113
7,AU09_r_AU26_r,0.485776025642,1519632.53759
8,AU09_r_AU26_r,0.49925420783,1563767.26832
9,AU09_r_AU26_r,0.481188757049,1581939.01641
10,AU09_r_AU26_r,0.482550273895,1583678.46798
11,AU09_r_AU26_r,0.493261849537,1609806.15819
12,AU09_r_AU26_r,0.485677660111,1645987.10671
13,AU09_r_AU26_r,0.47082407043,1646524.36715
14,AU09_r_AU26_r,0.478083012022,1645289.43759
15,AU09_r_AU26_r,0.479036252549,1651304.623
2,AU09_r_AU45_r,0.634142750044,1306886.31666
3,AU09_r_AU45_r,0.611592398578,1253640.15633
4,AU09_r_AU45_r,0.586849381033,1457891.93346
5,AU09_r_AU45_r,0.549710505951,1439965.65268
6,AU09_r_AU45_r,0.562947459029,1539662.0891
7,AU09_r_AU45_r,0.544249469201,1550474.06539
8,AU09_r_AU45_r,0.555048992344,1563105.90703
9,AU09_r_AU45_r,0.551574438753,1589450.18677
10,AU09_r_AU45_r,0.547286262254,1636051.3314
11,AU09_r_AU45_r,0.555829481408,1648180.72701
12,AU09_r_AU45_r,0.546251600416,1672963.47781
13,AU09_r_AU45_r,0.545115625869,1695071.11349
14,AU09_r_AU45_r,0.536262094777,1691393.53934
15,AU09_r_AU45_r,0.541361305467,1697505.1391
2,AU10_r_AU12_r,0.490785391366,1382524.12504
3,AU10_r_AU12_r,0.424214598363,1344866.70684
4,AU10_r_AU12_r,0.422300220788,1301780.82973
5,AU10_r_AU12_r,0.421153068924,1324992.43275
6,AU10_r_AU12_r,0.41106848852,1290273.92527
7,AU10_r_AU12_r,0.410400494452,1274073.89052
8,AU10_r_AU12_r,0.418524646418,1307108.60949
9,AU10_r_AU12_r,0.414490550585,1290682.6546
10,AU10_r_AU12_r,0.415198225626,1299452.23074
11,AU10_r_AU12_r,0.415420247259,1297256.26022
12,AU10_r_AU12_r,0.4168276558,1288876.26342
13,AU10_r_AU12_r,0.412544414772,1286073.78699
14,AU10_r_AU12_r,0.412978462023,1285778.28008
15,AU10_r_AU12_r,0.416982174153,1300862.86679
2,AU10_r_AU14_r,0.44082396984,1185250.52181
3,AU10_r_AU14_r,0.409343459141,1079367.63896
4,AU10_r_AU14_r,0.420298957997,1154287.25431
5,AU10_r_AU14_r,0.416393521888,1140548.03945
6,AU10_r_AU14_r,0.405441519628,1115756.69088
7,AU10_r_AU14_r,0.415149618653,1139080.91671
8,AU10_r_AU14_r,0.411202399864,1148506.86445
9,AU10_r_AU14_r,0.410424575756,1147869.99698
10,AU10_r_AU14_r,0.41252717906,1160676.28764
11,AU10_r_AU14_r,0.413429293199,1153844.41168
12,AU10_r_AU14_r,0.417561170917,1165329.59101
13,AU10_r_AU14_r,0.410943270115,1165194.79305
14,AU10_r_AU14_r,0.412723095942,1174154.68621
15,AU10_r_AU14_r,0.412007580832,1173128.2893
2,AU10_r_AU15_r,0.526595796912,1647656.13153
3,AU10_r_AU15_r,0.480150180888,1457678.78311
4,AU10_r_AU15_r,0.510657731147,1522397.25186
5,AU10_r_AU15_r,0.47772812544,1526206.49399
6,AU10_r_AU15_r,0.487156847547,1502564.66952
7,AU10_r_AU15_r,0.469520661906,1512200.70742
8,AU10_r_AU15_r,0.486135257721,1565501.7553
9,AU10_r_AU15_r,0.468046827803,1555178.86141
10,AU10_r_AU15_r,0.475824620793,1561923.37752
11,AU10_r_AU15_r,0.481807589735,1595980.52851
12,AU10_r_AU15_r,0.467836270671,1606853.12587
13,AU10_r_AU15_r,0.475674041965,1621469.41917
14,AU10_r_AU15_r,0.475884931865,1621077.74967
15,AU10_r_AU15_r,0.466852724276,1629932.02482
2,AU10_r_AU17_r,0.402198856626,893348.995049
3,AU10_r_AU17_r,0.426145906573,1047357.71008
4,AU10_r_AU17_r,0.385647440466,1017897.70108
5,AU10_r_AU17_r,0.398658433618,1032186.2171
6,AU10_r_AU17_r,0.402488820766,1065897.43162
7,AU10_r_AU17_r,0.386999274733,1057673.94612
8,AU10_r_AU17_r,0.390872374954,1076007.81168
9,AU10_r_AU17_r,0.390210167229,1086405.73344
10,AU10_r_AU17_r,0.392225491431,1079291.71441
11,AU10_r_AU17_r,0.385715140814,1088800.08247
12,AU10_r_AU17_r,0.389076341942,1097802.3042
13,AU10_r_AU17_r,0.390946594823,1102833.40218
14,AU10_r_AU17_r,0.388985565955,1108549.03785
15,AU10_r_AU17_r,0.385110694141,1109609.67766
2,AU10_r_AU20_r,0.550897719779,2142103.58284
3,AU10_r_AU20_r,0.510987450486,2173260.64334
4,AU10_r_AU20_r,0.475834813104,2008742.08404
5,AU10_r_AU20_r,0.502106239211,2033355.28462
6,AU10_r_AU20_r,0.483161551692,2051252.77025
7,AU10_r_AU20_r,0.500955541297,2089601.85767
8,AU10_r_AU20_r,0.482102983714,2107517.96341
9,AU10_r_AU20_r,0.493002605896,2068981.49151
10,AU10_r_AU20_r,0.499802156194,2097215.1793
11,AU10_r_AU20_r,0.489055264822,2159877.27476
12,AU10_r_AU20_r,0.47806321087,2160779.78408
13,AU10_r_AU20_r,0.482877075977,2160754.90311
14,AU10_r_AU20_r,0.485022381337,2170851.1459
15,AU10_r_AU20_r,0.476234895347,2181333.72465
2,AU10_r_AU23_r,0.496729590609,1414255.28458
3,AU10_r_AU23_r,0.506032315142,1191157.95505
4,AU10_r_AU23_r,0.481177818085,1395598.78279
5,AU10_r_AU23_r,0.444555312775,1338020.77169
6,AU10_r_AU23_r,0.462899279677,1402325.74424
7,AU10_r_AU23_r,0.475119726798,1398825.4245
8,AU10_r_AU23_r,0.461402970291,1430588.8968
9,AU10_r_AU23_r,0.471838332561,1447405.98175
10,AU10_r_AU23_r,0.470554873245,1451675.94221
11,AU10_r_AU23_r,0.460652835758,1478896.05741
12,AU10_r_AU23_r,0.464468300955,1474359.58958
13,AU10_r_AU23_r,0.469101607024,1485992.2157
14,AU10_r_AU23_r,0.459420919074,1510298.56358
15,AU10_r_AU23_r,0.464493864481,1508998.06067
2,AU10_r_AU25_r,0.457647559565,1037799.3916
3,AU10_r_AU25_r,0.410958935989,1091449.51753
4,AU10_r_AU25_r,0.428039107408,1172781.1791
5,AU10_r_AU25_r,0.419168002616,1150837.12208
6,AU10_r_AU25_r,0.403141932419,1124783.25551
7,AU10_r_AU25_r,0.415344811158,1158575.43759
8,AU10_r_AU25_r,0.416915452262,1186941.10184
9,AU10_r_AU25_r,0.414706101218,1169217.83078
10,AU10_r_AU25_r,0.410736354671,1169761.14878
11,AU10_r_AU25_r,0.407636119003,1174821.64628
12,AU10_r_AU25_r,0.409172000473,1191831.01539
13,AU10_r_AU25_r,0.403728065678,1189460.14055
14,AU10_r_AU25_r,0.405128430106,1195958.0159
15,AU10_r_AU25_r,0.409070074563,1203393.69658
2,AU10_r_AU26_r,0.427979060025,1033581.3132
3,AU10_r_AU26_r,0.437906440767,1077726.91106
4,AU10_r_AU26_r,0.412313111577,1107477.60137
5,AU10_r_AU26_r,0.42490060586,1118570.11999
6,AU10_r_AU26_r,0.419956224676,1097411.2942
7,AU10_r_AU26_r,0.407690937802,1116967.04126
8,AU10_r_AU26_r,0.416402233413,1139035.9538
9,AU10_r_AU26_r,0.417142321761,1132633.69384
10,AU10_r_AU26_r,0.404144265568,1138893.57171
11,AU10_r_AU26_r,0.409577128907,1142676.96829
12,AU10_r_AU26_r,0.413931684984,1156946.69093
13,AU10_r_AU26_r,0.419229214377,1157492.10311
14,AU10_r_AU26_r,0.410733173478,1162128.23692
15,AU10_r_AU26_r,0.41108030099,1174321.25188
2,AU10_r_AU45_r,0.469204276593,1206854.88554
3,AU10_r_AU45_r,0.495364261888,1183782.02612
4,AU10_r_AU45_r,0.461997391074,1311493.97767
5,AU10_r_AU45_r,0.469843608113,1250919.61846
6,AU10_r_AU45_r,0.440370482658,1268803.73445
7,AU10_r_AU45_r,0.455359700509,1295149.70887
8,AU10_r_AU45_r,0.437316828453,1287311.64918
9,AU10_r_AU45_r,0.448339009057,1300776.74286
10,AU10_r_AU45_r,0.451687997136,1325404.0912
11,AU10_r_AU45_r,0.437437952982,1321506.8011
12,AU10_r_AU45_r,0.443245908128,1328105.53276
13,AU10_r_AU45_r,0.450717725343,1339571.36336
14,AU10_r_AU45_r,0.450401151522,1354936.19659
15,AU10_r_AU45_r,0.439586047733,1361464.73308
2,AU12_r_AU14_r,0.468407212977,1230945.07173
3,AU12_r_AU14_r,0.454023581183,1198016.53498
4,AU12_r_AU14_r,0.414312733872,1173478.77237
5,AU12_r_AU14_r,0.433240353446,1257069.27674
6,AU12_r_AU14_r,0.42137701439,1226020.00539
7,AU12_r_AU14_r,0.42078789825,1233426.72661
8,AU12_r_AU14_r,0.420612411826,1225848.31289
9,AU12_r_AU14_r,0.421189186507,1223818.97965
10,AU12_r_AU14_r,0.420279094524,1218510.08911
11,AU12_r_AU14_r,0.416379673454,1221091.96833
12,AU12_r_AU14_r,0.418614695147,1214408.25517
13,AU12_r_AU14_r,0.418406178898,1214777.30815
14,AU12_r_AU14_r,0.415472240554,1214524.37962
15,AU12_r_AU14_r,0.419258034382,1222836.59379
2,AU12_r_AU15_r,0.561771735059,1582330.37687
3,AU12_r_AU15_r,0.4869364329,1544639.28367
4,AU12_r_AU15_r,0.51958053475,1630924.98414
5,AU12_r_AU15_r,0.484156148736,1732532.58474
6,AU12_r_AU15_r,0.493855966931,1709874.58547
7,AU12_r_AU15_r,0.471020702958,1769870.56595
8,AU12_r_AU15_r,0.484318622463,1787610.3908
9,AU12_r_AU15_r,0.469845757356,1821015.19798
10,AU12_r_AU15_r,0.47434118798,1816457.60868
11,AU12_r_AU15_r,0.483537801882,1838295.53965
12,AU12_r_AU15_r,0.471114644598,1878202.11187
13,AU12_r_AU15_r,0.456266593104,1873181.61569
14,AU12_r_AU15_r,0.460647540902,1886934.30472
15,AU12_r_AU15_r,0.467243639575,1895947.15211
2,AU12_r_AU17_r,0.453152235577,925385.700948
3,AU12_r_AU17_r,0.438439472691,1127717.17216
4,AU12_r_AU17_r,0.413542644142,1186661.25561
5,AU12_r_AU17_r,0.399380605528,1183956.01834
6,AU12_r_AU17_r,0.406738988539,1187092.63335
7,AU12_r_AU17_r,0.398441463988,1218999.44961
8,AU12_r_AU17_r,0.386950864301,1202857.39065
9,AU12_r_AU17_r,0.390663688985,1215932.36424
10,AU12_r_AU17_r,0.386599830119,1222761.17655
11,AU12_r_AU17_r,0.389400038538,1222120.87398
12,AU12_r_AU17_r,0.383437634176,1215156.9103
13,AU12_r_AU17_r,0.385130523956,1218808.46184
14,AU12_r_AU17_r,0.388771351545,1224080.35301
15,AU12_r_AU17_r,0.387902587117,1244618.57155
2,AU12_r_AU20_r,0.584418057439,1978883.9499
3,AU12_r_AU20_r,0.521795203215,2224703.82851
4,AU12_r_AU20_r,0.480607902597,2169114.13029
5,AU12_r_AU20_r,0.510994633979,2208171.85322
6,AU12_r_AU20_r,0.487526954817,2275709.28558
7,AU12_r_AU20_r,0.469937918306,2237263.77676
8,AU12_r_AU20_r,0.486004162795,2300605.97685
9,AU12_r_AU20_r,0.468617769474,2271775.5174
10,AU12_r_AU20_r,0.475703415523,2282054.60631
11,AU12_r_AU20_r,0.491376301055,2338972.86729
12,AU12_r_AU20_r,0.477700695436,2359028.31019
13,AU12_r_AU20_r,0.483157962814,2353347.67092
14,AU12_r_AU20_r,0.473320356134,2363773.64538
15,AU12_r_AU20_r,0.478842705572,2392465.01776
2,AU12_r_AU23_r,0.540280549034,1385176.89955
3,AU12_r_AU23_r,0.455161856307,1271582.77758
4,AU12_r_AU23_r,0.493886322619,1463742.09192
5,AU12_r_AU23_r,0.456527280579,1469066.2944
6,AU12_r_AU23_r,0.471438168996,1485132.29093
7,AU12_r_AU23_r,0.447723722732,1473887.93866
8,AU12_r_AU23_r,0.4593555586,1521281.87236
9,AU12_r_AU23_r,0.46844333985,1530176.8151
10,AU12_r_AU23_r,0.456278832693,1548786.017
11,AU12_r_AU23_r,0.462939514606,1573260.06491
12,AU12_r_AU23_r,0.467967675173,1569983.54821
13,AU12_r_AU23_r,0.457454826144,1584450.42921
14,AU12_r_AU23_r,0.461786771388,1604222.10979
15,AU12_r_AU23_r,0.4507133003,1601406.80846
2,AU12_r_AU25_r,0.50948316128,1118056.17713
3,AU12_r_AU25_r,0.439006057636,1126887.73031
4,AU12_r_AU25_r,0.430622887956,1267218.10837
5,AU12_r_AU25_r,0.409422354537,1198183.5541
6,AU12_r_AU25_r,0.408896344325,1210716.20749
7,AU12_r_AU25_r,0.412805743849,1190531.75252
8,AU12_r_AU25_r,0.398614638235,1213125.23214
9,AU12_r_AU25_r,0.406964436051,1239088.35588
10,AU12_r_AU25_r,0.403531534729,1228563.5962
11,AU12_r_AU25_r,0.392410193007,1223255.34681
12,AU12_r_AU25_r,0.39288284772,1229165.18371
13,AU12_r_AU25_r,0.396341353533,1242602.26559
14,AU12_r_AU25_r,0.399978116679,1247435.09379
15,AU12_r_AU25_r,0.396911478566,1246757.62904
2,AU12_r_AU26_r,0.469052417067,1037109.25341
3,AU12_r_AU26_r,0.438022670392,1126625.51295
4,AU12_r_AU26_r,0.42661550142,1240531.11047
5,AU12_r_AU26_r,0.408727935655,1175485.65521
6,AU12_r_AU26_r,0.394536778101,1183331.30725
7,AU12_r_AU26_r,0.413574505926,1238008.99489
8,AU12_r_AU26_r,0.415623059873,1219519.6815
9,AU12_r_AU26_r,0.398954266961,1216154.44847
10,AU12_r_AU26_r,0.402606456402,1233776.85867
11,AU12_r_AU26_r,0.406692188268,1229366.02831
12,AU12_r_AU26_r,0.410437094255,1237754.84599
13,AU12_r_AU26_r,0.403333377641,1244059.30068
14,AU12_r_AU26_r,0.400792941261,1252334.10691
15,AU12_r_AU26_r,0.402520581837,1252858.14868
2,AU12_r_AU45_r,0.517351481037,1204237.46508
3,AU12_r_AU45_r,0.507937904826,1153554.25342
4,AU12_r_AU45_r,0.480801038117,1407064.98328
5,AU12_r_AU45_r,0.439372337482,1367917.48977
6,AU12_r_AU45_r,0.452043246817,1384054.9018
7,AU12_r_AU45_r,0.46270730941,1370471.97515
8,AU12_r_AU45_r,0.439340367154,1378859.19233
9,AU12_r_AU45_r,0.447248236008,1379931.64901
10,AU12_r_AU45_r,0.449518444147,1380354.40849
11,AU12_r_AU45_r,0.440660262092,1391991.04184
12,AU12_r_AU45_r,0.444733139249,1400384.13171
13,AU12_r_AU45_r,0.448372293649,1407693.55009
14,AU12_r_AU45_r,0.436866573701,1407208.10432
15,AU12_r_AU45_r,0.43568878518,1406060.19866
2,AU14_r_AU15_r,0.542181161083,1788275.74856
3,AU14_r_AU15_r,0.496466182582,1648261.2658
4,AU14_r_AU15_r,0.520670785297,1595281.21955
5,AU14_r_AU15_r,0.491384247221,1646492.62424
6,AU14_r_AU15_r,0.467781383549,1583840.55985
7,AU14_r_AU15_r,0.479321474678,1613010.88075
8,AU14_r_AU15_r,0.492651006424,1618494.59302
9,AU14_r_AU15_r,0.476598915601,1632373.08879
10,AU14_r_AU15_r,0.475009307128,1636287.41602
11,AU14_r_AU15_r,0.477401870762,1640122.88823
12,AU14_r_AU15_r,0.485125381262,1655630.63809
13,AU14_r_AU15_r,0.475762396934,1690186.54805
14,AU14_r_AU15_r,0.464697329567,1687856.09336
15,AU14_r_AU15_r,0.464560282986,1694054.61999
2,AU14_r_AU17_r,0.423482720479,1021108.07673
3,AU14_r_AU17_r,0.431356228037,1079180.60155
4,AU14_r_AU17_r,0.407257536727,1106383.19031
5,AU14_r_AU17_r,0.411630232829,1059041.10375
6,AU14_r_AU17_r,0.406256413167,1075969.11225
7,AU14_r_AU17_r,0.399117013828,1101773.60182
8,AU14_r_AU17_r,0.400918396327,1103778.41625
9,AU14_r_AU17_r,0.389976144728,1090936.45468
10,AU14_r_AU17_r,0.381539528012,1092423.57611
11,AU14_r_AU17_r,0.393121260933,1103798.702
12,AU14_r_AU17_r,0.395477610249,1122615.81085
13,AU14_r_AU17_r,0.396275470599,1112134.96396
14,AU14_r_AU17_r,0.389615930926,1111455.89169
15,AU14_r_AU17_r,0.384820055759,1118767.19528
2,AU14_r_AU20_r,0.565094989206,2250990.72606
3,AU14_r_AU20_r,0.529911065254,2364215.67892
4,AU14_r_AU20_r,0.496702259418,2253563.0475
5,AU14_r_AU20_r,0.516756022986,2142186.79758
6,AU14_r_AU20_r,0.496988309137,2187829.65617
7,AU14_r_AU20_r,0.511442752538,2186167.55976
8,AU14_r_AU20_r,0.495064550498,2230131.95019
9,AU14_r_AU20_r,0.481665078194,2204245.76659
10,AU14_r_AU20_r,0.489999153761,2196906.56356
11,AU14_r_AU20_r,0.497515754387,2197480.70472
12,AU14_r_AU20_r,0.485241514914,2216270.74687
13,AU14_r_AU20_r,0.493637940748,2225505.1
14,AU14_r_AU20_r,0.482007452375,2232263.71481
15,AU14_r_AU20_r,0.486154239309,2246391.83631
2,AU14_r_AU23_r,0.517501966894,1582226.93835
3,AU14_r_AU23_r,0.46821391432,1387549.171
4,AU14_r_AU23_r,0.501817456999,1428357.93118
5,AU14_r_AU23_r,0.472079001516,1417431.38192
6,AU14_r_AU23_r,0.481049581721,1410559.84628
7,AU14_r_AU23_r,0.463108253059,1394998.52634
8,AU14_r_AU23_r,0.477038610143,1398534.89996
9,AU14_r_AU23_r,0.479426054529,1443321.77122
10,AU14_r_AU23_r,0.462955308253,1440982.62233
11,AU14_r_AU23_r,0.467477038893,1449677.51938
12,AU14_r_AU23_r,0.472882151556,1452850.12307
13,AU14_r_AU23_r,0.477185593635,1455000.61034
14,AU14_r_AU23_r,0.467008837083,1471558.7846
15,AU14_r_AU23_r,0.471070705155,1490591.16017
2,AU14_r_AU25_r,0.400075582413,755962.940006
3,AU14_r_AU25_r,0.428794912458,1129049.48096
4,AU14_r_AU25_r,0.413585755501,1082561.1932
5,AU14_r_AU25_r,0.402464813385,1123902.28106
6,AU14_r_AU25_r,0.415030986572,1155324.2977
7,AU14_r_AU25_r,0.412091545822,1150837.02396
8,AU14_r_AU25_r,0.403138942736,1164766.7785
9,AU14_r_AU25_r,0.404044319834,1196564.68971
10,AU14_r_AU25_r,0.409464533245,1186428.88907
11,AU14_r_AU25_r,0.404644868806,1197344.99576
12,AU14_r_AU25_r,0.395319470998,1204935.28218
13,AU14_r_AU25_r,0.401573615608,1225042.38961
14,AU14_r_AU25_r,0.402402029123,1217254.7825
15,AU14_r_AU25_r,0.400906938508,1222042.34777
2,AU14_r_AU26_r,0.445105343635,1179822.99979
3,AU14_r_AU26_r,0.431996689192,1149628.87949
4,AU14_r_AU26_r,0.420416205524,1222718.44532
5,AU14_r_AU26_r,0.428870112395,1178120.25928
6,AU14_r_AU26_r,0.408030003303,1175533.01922
7,AU14_r_AU26_r,0.415339246116,1226585.57735
8,AU14_r_AU26_r,0.418463205541,1215156.14379
9,AU14_r_AU26_r,0.406079766958,1218764.80128
10,AU14_r_AU26_r,0.40312067651,1222452.66639
11,AU14_r_AU26_r,0.410069214536,1214992.77577
12,AU14_r_AU26_r,0.415006422912,1220011.71734
13,AU14_r_AU26_r,0.409300095601,1233258.89726
14,AU14_r_AU26_r,0.406167955622,1233597.1001
15,AU14_r_AU26_r,0.407887708237,1232709.82045
2,AU14_r_AU45_r,0.488020779525,1350007.50277
3,AU14_r_AU45_r,0.498576245603,1200071.96661
4,AU14_r_AU45_r,0.477198794574,1381719.89166
5,AU14_r_AU45_r,0.442417365761,1320064.1612
6,AU14_r_AU45_r,0.457744220189,1344406.20901
7,AU14_r_AU45_r,0.465366306117,1350808.31427
8,AU14_r_AU45_r,0.44561507643,1361894.54176
9,AU14_r_AU45_r,0.457535507359,1385252.66168
10,AU14_r_AU45_r,0.456065778771,1379236.40396
11,AU14_r_AU45_r,0.44497385795,1392437.12342
12,AU14_r_AU45_r,0.450269536425,1384002.93088
13,AU14_r_AU45_r,0.457079292316,1405979.05421
14,AU14_r_AU45_r,0.446228557838,1416356.43475
15,AU14_r_AU45_r,0.445783147967,1413802.14409
2,AU15_r_AU17_r,0.561174656528,1338005.76273
3,AU15_r_AU17_r,0.490469786197,1172022.70491
4,AU15_r_AU17_r,0.512325336356,1179970.69237
5,AU15_r_AU17_r,0.478499861323,1180733.72485
6,AU15_r_AU17_r,0.487138387515,1160326.94764
7,AU15_r_AU17_r,0.4657009769,1154973.92298
8,AU15_r_AU17_r,0.481375420368,1183825.04216
9,AU15_r_AU17_r,0.472763210821,1197002.49883
10,AU15_r_AU17_r,0.459772764625,1188783.10797
11,AU15_r_AU17_r,0.484707703511,1197296.7639
12,AU15_r_AU17_r,0.473110974751,1226745.37208
13,AU15_r_AU17_r,0.457569206623,1231063.76363
14,AU15_r_AU17_r,0.465047437704,1231973.76327
15,AU15_r_AU17_r,0.468692848992,1240417.93608
2,AU15_r_AU20_r,0.697915668745,934058.314798
3,AU15_r_AU20_r,0.645435619951,998498.225873
4,AU15_r_AU20_r,0.650543517062,1165519.26422
5,AU15_r_AU20_r,0.616153766237,1158944.96157
6,AU15_r_AU20_r,0.622873201233,1245380.87373
7,AU15_r_AU20_r,0.610895108584,1256414.73196
8,AU15_r_AU20_r,0.603869075755,1262057.68542
9,AU15_r_AU20_r,0.608628536854,1300107.48075
10,AU15_r_AU20_r,0.601574422726,1332952.16345
11,AU15_r_AU20_r,0.602932496607,1350498.09678
12,AU15_r_AU20_r,0.598407565734,1366958.11315
13,AU15_r_AU20_r,0.595583269663,1394412.32844
14,AU15_r_AU20_r,0.599972936552,1401897.78027
15,AU15_r_AU20_r,0.591851050753,1413229.65531
2,AU15_r_AU23_r,0.648622723427,869549.306461
3,AU15_r_AU23_r,0.659997701354,1013776.40894
4,AU15_r_AU23_r,0.600895743172,1023909.82272
5,AU15_r_AU23_r,0.613532079713,1128834.0836
6,AU15_r_AU23_r,0.584605317068,1129011.92318
7,AU15_r_AU23_r,0.590977968016,1158405.80211
8,AU15_r_AU23_r,0.594447399517,1166256.63413
9,AU15_r_AU23_r,0.57954786591,1181690.17941
10,AU15_r_AU23_r,0.578821574426,1200444.00561
11,AU15_r_AU23_r,0.585909466198,1240697.45612
12,AU15_r_AU23_r,0.574144056246,1252316.25665
13,AU15_r_AU23_r,0.570830247835,1264230.57831
14,AU15_r_AU23_r,0.577243921023,1286234.19433
15,AU15_r_AU23_r,0.572395629661,1290493.55636
2,AU15_r_AU25_r,0.587732003042,1963531.3566
3,AU15_r_AU25_r,0.516029208499,1747938.02391
4,AU15_r_AU25_r,0.541042726116,1762683.21028
5,AU15_r_AU25_r,0.504964213817,1824448.37943
6,AU15_r_AU25_r,0.505505723979,1818888.05431
7,AU15_r_AU25_r,0.489429585071,1876237.34861
8,AU15_r_AU25_r,0.50034873506,1852912.06117
9,AU15_r_AU25_r,0.481107371578,1880044.46746
10,AU15_r_AU25_r,0.484470417473,1903543.39235
11,AU15_r_AU25_r,0.470881719826,1916640.48659
12,AU15_r_AU25_r,0.480874630416,1943271.54207
13,AU15_r_AU25_r,0.479516973871,1946606.97663
14,AU15_r_AU25_r,0.469661401164,1968120.5113
15,AU15_r_AU25_r,0.476448561922,1961511.76753
2,AU15_r_AU26_r,0.547281892861,1187619.11687
3,AU15_r_AU26_r,0.564430203278,1095020.33391
4,AU15_r_AU26_r,0.517585766778,1211822.2808
5,AU15_r_AU26_r,0.5214326557,1194467.57801
6,AU15_r_AU26_r,0.501628374923,1253360.16798
7,AU15_r_AU26_r,0.474078875801,1218580.53678
8,AU15_r_AU26_r,0.482123518038,1225337.9867
9,AU15_r_AU26_r,0.497275417717,1264004.38046
10,AU15_r_AU26_r,0.479462720502,1268812.00539
11,AU15_r_AU26_r,0.487746395512,1277537.94701
12,AU15_r_AU26_r,0.490823389964,1294107.73027
13,AU15_r_AU26_r,0.477198238817,1303661.83347
14,AU15_r_AU26_r,0.47923140511,1322470.287
15,AU15_r_AU26_r,0.477842346239,1317309.95749
2,AU15_r_AU45_r,0.626378386064,1040262.7351
3,AU15_r_AU45_r,0.634055393805,1117448.33298
4,AU15_r_AU45_r,0.569614187763,1183583.8424
5,AU15_r_AU45_r,0.579845046666,1257194.5726
6,AU15_r_AU45_r,0.559608102986,1299428.98624
7,AU15_r_AU45_r,0.558943997203,1310169.74334
8,AU15_r_AU45_r,0.543168316956,1322393.41146
9,AU15_r_AU45_r,0.551794501783,1344088.04289
10,AU15_r_AU45_r,0.550708265129,1359037.72921
11,AU15_r_AU45_r,0.54247476459,1386425.93014
12,AU15_r_AU45_r,0.550695202341,1417643.9289
13,AU15_r_AU45_r,0.544212164532,1427577.73144
14,AU15_r_AU45_r,0.538796483886,1449162.19631
15,AU15_r_AU45_r,0.544193939017,1461377.99401
2,AU17_r_AU20_r,0.572021798046,1732203.97635
3,AU17_r_AU20_r,0.509214586496,1673907.3944
4,AU17_r_AU20_r,0.465039860664,1531873.14455
5,AU17_r_AU20_r,0.494135679097,1568067.65659
6,AU17_r_AU20_r,0.473812113948,1554131.42394
7,AU17_r_AU20_r,0.488798072374,1587306.28585
8,AU17_r_AU20_r,0.466819068083,1580176.29253
9,AU17_r_AU20_r,0.47814502528,1573434.45583
10,AU17_r_AU20_r,0.46170349187,1568102.03282
11,AU17_r_AU20_r,0.471188749245,1588933.73806
12,AU17_r_AU20_r,0.482149762068,1598656.08004
13,AU17_r_AU20_r,0.469817327896,1607891.72385
14,AU17_r_AU20_r,0.473804599409,1596959.5885
15,AU17_r_AU20_r,0.476693169361,1600936.23159
2,AU17_r_AU23_r,0.542053810305,1215560.2608
3,AU17_r_AU23_r,0.468576725985,1050525.41419
4,AU17_r_AU23_r,0.492877280408,1128855.02255
5,AU17_r_AU23_r,0.483986695083,1116036.94011
6,AU17_r_AU23_r,0.468953841921,1136487.62811
7,AU17_r_AU23_r,0.475868105595,1124522.41994
8,AU17_r_AU23_r,0.458844536181,1134060.18977
9,AU17_r_AU23_r,0.464543935477,1143826.41374
10,AU17_r_AU23_r,0.472017459683,1153203.14444
11,AU17_r_AU23_r,0.461019339309,1163618.9306
12,AU17_r_AU23_r,0.456451425514,1155667.14803
13,AU17_r_AU23_r,0.46313536167,1160842.2099
14,AU17_r_AU23_r,0.455597457889,1162315.52794
15,AU17_r_AU23_r,0.457083659117,1171758.2553
2,AU17_r_AU25_r,0.473159695594,1204873.41585
3,AU17_r_AU25_r,0.442643296139,1307351.22162
4,AU17_r_AU25_r,0.423002539207,1324745.18816
5,AU17_r_AU25_r,0.3976165347,1302069.58223
6,AU17_r_AU25_r,0.408963903431,1299732.73594
7,AU17_r_AU25_r,0.404720014423,1347596.92522
8,AU17_r_AU25_r,0.38726890735,1338833.49664
9,AU17_r_AU25_r,0.378805110659,1330171.31333
10,AU17_r_AU25_r,0.389093473458,1353400.72632
11,AU17_r_AU25_r,0.396345055678,1348026.14785
12,AU17_r_AU25_r,0.386942374221,1357489.54348
13,AU17_r_AU25_r,0.3811952003,1360783.65806
14,AU17_r_AU25_r,0.386528207175,1375745.10275
15,AU17_r_AU25_r,0.391578431393,1378630.97167
2,AU17_r_AU26_r,0.42565376681,753225.319502
3,AU17_r_AU26_r,0.452434227617,1028565.1735
4,AU17_r_AU26_r,0.40890544502,1002148.5626
5,AU17_r_AU26_r,0.407683040898,1015814.55324
6,AU17_r_AU26_r,0.420211193303,1021278.01515
7,AU17_r_AU26_r,0.40235685411,1028228.66918
8,AU17_r_AU26_r,0.398127826657,1022473.1145
9,AU17_r_AU26_r,0.405263270042,1039708.38869
10,AU17_r_AU26_r,0.396080623578,1041726.69426
11,AU17_r_AU26_r,0.398607110679,1036404.50488
12,AU17_r_AU26_r,0.403824905316,1039727.55032
13,AU17_r_AU26_r,0.403140158484,1051254.41754
14,AU17_r_AU26_r,0.394237304911,1052896.9618
15,AU17_r_AU26_r,0.39823478637,1058961.86723
2,AU17_r_AU45_r,0.467551259395,895200.971021
3,AU17_r_AU45_r,0.508512112364,1142264.44132
4,AU17_r_AU45_r,0.458594884228,1200115.37289
5,AU17_r_AU45_r,0.454587410292,1174148.86171
6,AU17_r_AU45_r,0.432966141147,1188675.96124
7,AU17_r_AU45_r,0.446995963676,1221494.11773
8,AU17_r_AU45_r,0.425603195047,1211399.94719
9,AU17_r_AU45_r,0.431745635876,1241201.87879
10,AU17_r_AU45_r,0.442230236083,1261877.62255
11,AU17_r_AU45_r,0.429120653444,1262464.55564
12,AU17_r_AU45_r,0.427417653492,1263351.46423
13,AU17_r_AU45_r,0.433908851755,1269381.94169
14,AU17_r_AU45_r,0.440738210434,1278030.38607
15,AU17_r_AU45_r,0.428565858978,1290858.12169
2,AU20_r_AU23_r,0.673059278442,1328524.43169
3,AU20_r_AU23_r,0.619421742083,1160899.71673
4,AU20_r_AU23_r,0.62974006258,1352699.51548
5,AU20_r_AU23_r,0.601681021542,1340109.41461
6,AU20_r_AU23_r,0.605708100924,1363339.42659
7,AU20_r_AU23_r,0.591830165381,1357768.46834
8,AU20_r_AU23_r,0.599546539766,1396298.25537
9,AU20_r_AU23_r,0.608477880932,1402959.653
10,AU20_r_AU23_r,0.595299084666,1421891.89282
11,AU20_r_AU23_r,0.595373044781,1472119.1781
12,AU20_r_AU23_r,0.585691275268,1466509.67586
13,AU20_r_AU23_r,0.590566623592,1473640.08199
14,AU20_r_AU23_r,0.589120409117,1500617.20052
15,AU20_r_AU23_r,0.589628880774,1498826.427
2,AU20_r_AU25_r,0.609798049576,2473047.93044
3,AU20_r_AU25_r,0.548804130192,2504415.82468
4,AU20_r_AU25_r,0.50384011973,2379224.14044
5,AU20_r_AU25_r,0.520007217932,2391088.78042
6,AU20_r_AU25_r,0.503937503161,2458137.70619
7,AU20_r_AU25_r,0.479849835666,2411579.81776
8,AU20_r_AU25_r,0.494700338785,2463992.74136
9,AU20_r_AU25_r,0.478566453676,2449541.89398
10,AU20_r_AU25_r,0.483351631481,2466477.36149
11,AU20_r_AU25_r,0.494737956392,2493941.00536
12,AU20_r_AU25_r,0.484225488742,2527839.67545
13,AU20_r_AU25_r,0.473013797204,2519810.87911
14,AU20_r_AU25_r,0.476812070453,2524616.91433
15,AU20_r_AU25_r,0.484135651789,2560694.74219
2,AU20_r_AU26_r,0.578930253656,1683897.23072
3,AU20_r_AU26_r,0.511609878995,1509308.50912
4,AU20_r_AU26_r,0.536242151579,1517350.2795
5,AU20_r_AU26_r,0.513798202594,1578151.69485
6,AU20_r_AU26_r,0.486038947644,1527299.34694
7,AU20_r_AU26_r,0.504264745737,1560718.47172
8,AU20_r_AU26_r,0.510678876111,1563018.2513
9,AU20_r_AU26_r,0.493418540875,1598690.00674
10,AU20_r_AU26_r,0.506239590333,1618107.78372
11,AU20_r_AU26_r,0.493133279572,1635235.22971
12,AU20_r_AU26_r,0.495306906073,1640315.40763
13,AU20_r_AU26_r,0.484737285454,1653596.21501
14,AU20_r_AU26_r,0.492029003469,1667882.75565
15,AU20_r_AU26_r,0.481726789109,1668431.46823
2,AU20_r_AU45_r,0.655908213335,1546922.63872
3,AU20_r_AU45_r,0.559284600152,1330221.51693
4,AU20_r_AU45_r,0.6004211887,1539347.10661
5,AU20_r_AU45_r,0.575577598378,1572278.07047
6,AU20_r_AU45_r,0.575483895558,1545136.05489
7,AU20_r_AU45_r,0.564891578427,1578797.52819
8,AU20_r_AU45_r,0.572734874605,1583003.42404
9,AU20_r_AU45_r,0.559214674526,1601084.95824
10,AU20_r_AU45_r,0.568539906203,1609667.78983
11,AU20_r_AU45_r,0.568550310963,1643065.01399
12,AU20_r_AU45_r,0.561087977722,1678315.4369
13,AU20_r_AU45_r,0.563920198199,1667021.89788
14,AU20_r_AU45_r,0.555315823854,1673705.98088
15,AU20_r_AU45_r,0.555473785311,1696794.69027
2,AU23_r_AU25_r,0.557556025752,1779193.84976
3,AU23_r_AU25_r,0.469120691723,1542220.56914
4,AU23_r_AU25_r,0.506540736123,1857069.06318
5,AU23_r_AU25_r,0.478276997534,1895988.51983
6,AU23_r_AU25_r,0.471278859563,1930017.73147
7,AU23_r_AU25_r,0.459692165009,1972149.97105
8,AU23_r_AU25_r,0.473779538992,1971428.72071
9,AU23_r_AU25_r,0.45951672726,1993596.68721
10,AU23_r_AU25_r,0.459377906638,2075605.30878
11,AU23_r_AU25_r,0.445215421172,2084784.69266
12,AU23_r_AU25_r,0.457966908911,2116049.73804
13,AU23_r_AU25_r,0.456982658835,2154181.87517
14,AU23_r_AU25_r,0.449826066675,2181285.26589
15,AU23_r_AU25_r,0.453436308975,2172104.01711
2,AU23_r_AU26_r,0.503150956687,990129.868051
3,AU23_r_AU26_r,0.532314952195,1167052.7554
4,AU23_r_AU26_r,0.489932858733,1222772.40963
5,AU23_r_AU26_r,0.491137037085,1223529.51333
6,AU23_r_AU26_r,0.47320697622,1243823.40759
7,AU23_r_AU26_r,0.486332998698,1257946.05091
8,AU23_r_AU26_r,0.48101301422,1261356.00302
9,AU23_r_AU26_r,0.471962890586,1301406.78284
10,AU23_r_AU26_r,0.481919733131,1318114.5191
11,AU23_r_AU26_r,0.470203437306,1331786.50691
12,AU23_r_AU26_r,0.46857829535,1350785.55869
13,AU23_r_AU26_r,0.456518753171,1348047.72679
14,AU23_r_AU26_r,0.465906974506,1359193.75918
15,AU23_r_AU26_r,0.468882138437,1373432.3922
2,AU23_r_AU45_r,0.561346055794,861001.081188
3,AU23_r_AU45_r,0.591383916275,1299010.2094
4,AU23_r_AU45_r,0.54031247032,1322206.19403
5,AU23_r_AU45_r,0.547282135036,1456447.87118
6,AU23_r_AU45_r,0.530497058622,1488826.30624
7,AU23_r_AU45_r,0.529370902397,1541451.61488
8,AU23_r_AU45_r,0.519367956258,1552802.17583
9,AU23_r_AU45_r,0.531893220602,1587575.42792
10,AU23_r_AU45_r,0.529755458815,1639344.92614
11,AU23_r_AU45_r,0.524076128854,1677578.37446
12,AU23_r_AU45_r,0.519087001854,1688387.34602
13,AU23_r_AU45_r,0.528521356606,1726838.52099
14,AU23_r_AU45_r,0.524010232368,1764583.00055
15,AU23_r_AU45_r,0.519222443083,1768636.15131
2,AU25_r_AU26_r,0.530474900273,1519045.84926
3,AU25_r_AU26_r,0.447306545442,1246256.07618
4,AU25_r_AU26_r,0.473740332575,1264852.68828
5,AU25_r_AU26_r,0.471170685514,1291276.66538
6,AU25_r_AU26_r,0.438401513992,1256537.44345
7,AU25_r_AU26_r,0.448720515798,1248604.98348
8,AU25_r_AU26_r,0.447274912263,1258541.83379
9,AU25_r_AU26_r,0.448607903015,1256320.01827
10,AU25_r_AU26_r,0.437888299704,1258024.68042
11,AU25_r_AU26_r,0.437719394293,1252907.50394
12,AU25_r_AU26_r,0.439421756444,1248426.99671
13,AU25_r_AU26_r,0.438653221941,1246034.47681
14,AU25_r_AU26_r,0.433550808586,1242830.47217
15,AU25_r_AU26_r,0.434697333744,1245816.27553
2,AU25_r_AU45_r,0.541093509468,1484900.49938
3,AU25_r_AU45_r,0.530139109577,1286472.41528
4,AU25_r_AU45_r,0.502377195037,1441367.87521
5,AU25_r_AU45_r,0.503211624678,1366386.53286
6,AU25_r_AU45_r,0.475321589423,1416587.62501
7,AU25_r_AU45_r,0.478267347795,1401058.54873
8,AU25_r_AU45_r,0.454855160988,1405213.04331
9,AU25_r_AU45_r,0.465203353873,1429555.806
10,AU25_r_AU45_r,0.466825222332,1434086.11171
11,AU25_r_AU45_r,0.453898383955,1442397.2753
12,AU25_r_AU45_r,0.457669255261,1436862.96175
13,AU25_r_AU45_r,0.460229208053,1439290.21503
14,AU25_r_AU45_r,0.461852232973,1455625.40448
15,AU25_r_AU45_r,0.451870194819,1473367.01688
2,AU26_r_AU45_r,0.483545753133,815408.084514
3,AU26_r_AU45_r,0.528782236829,1134320.35612
4,AU26_r_AU45_r,0.473828872312,1117160.76609
5,AU26_r_AU45_r,0.481664595033,1135480.19192
6,AU26_r_AU45_r,0.455979395287,1109588.27759
7,AU26_r_AU45_r,0.469332025556,1141359.71942
8,AU26_r_AU45_r,0.471997420613,1153974.6227
9,AU26_r_AU45_r,0.476292099207,1156751.6666
10,AU26_r_AU45_r,0.465185782903,1182526.44747
11,AU26_r_AU45_r,0.448032112058,1162445.03204
12,AU26_r_AU45_r,0.450854150433,1178880.17771
13,AU26_r_AU45_r,0.457827557191,1186088.19732
14,AU26_r_AU45_r,0.461941725987,1205036.62032
15,AU26_r_AU45_r,0.459831274613,1204041.6517
